Task name,Assignee,Created time,Description,Due,Files & media,Group Kegiatan,Kelengkapan,Month,Parent task,Parent-task,Priority,Status,Sub-task,Sub-tasks,Team,Year
[Zoom-Sosial] Pelatihan Sakernas,,"December 30, 2024 3:47 PM","Kasie IPD BPS Provinsi Kalimantan Timur is inviting you to a scheduled Zoom meeting.

Topic: Pelatihan Sakernas
Time: Jan 2, 2025 19:30 Singapore
Join Zoom Meeting
https://us06web.zoom.us/j/6400006401?pwd=vbbrDhb5Fq9jCKJhNG0xZagT5bvFg7.1&omn=86483094796

Meeting ID: 640 000 6401
Passcode: bps6400

","January 2, 2025",,Mengelola Zoom,Lengkap,Januari,,,,Done,,,IPJKD (https://www.notion.so/IPJKD-16f2318e3b728057b0a0f5ff0e21731c?pvs=21),2024
[Zoom-Sosial] Pelatihan Sakernas,,"December 30, 2024 3:48 PM","Kasie IPD BPS Provinsi Kalimantan Timur is inviting you to a scheduled Zoom meeting.

Topic: Pelatihan Sakernas
Time: Jan 2, 2025 19:30 Singapore
Join Zoom Meeting
https://us06web.zoom.us/j/6400006401?pwd=vbbrDhb5Fq9jCKJhNG0xZagT5bvFg7.1&omn=86483094796

Meeting ID: 640 000 6401
Passcode: bps6400

","January 6, 2025 8:00 AM (GMT+8) → January 10, 2025 8:00 AM (GMT+8)",,Mengelola Zoom,Lengkap,Januari,,,,Done,,,IPJKD (https://www.notion.so/IPJKD-16f2318e3b728057b0a0f5ff0e21731c?pvs=21),2024
[Zoom-sektoral] Pelatihan Sektoral,,"December 31, 2024 9:29 AM",,"January 13, 2025 → January 14, 2025",,Mengelola Zoom,Lengkap,Januari,,,,Done,,,Sektoral (https://www.notion.so/Sektoral-16f2318e3b728043936ff61256aeb3c6?pvs=21),2024
[Zoom-ipds] Knowledge sharing office 365,,"December 31, 2024 4:09 PM",,"January 3, 2025",,Mengelola Zoom,Lengkap,Januari,,,,Done,,,IPJKD (https://www.notion.so/IPJKD-16f2318e3b728057b0a0f5ff0e21731c?pvs=21),2024
Maintenance SIPADU,,"January 2, 2025 2:01 PM",Bukti dukung tersedia,"January 6, 2025 → January 10, 2025",,Aplikasi Kantor,Lengkap,Januari,,,,Done,,,IPJKD (https://www.notion.so/IPJKD-16f2318e3b728057b0a0f5ff0e21731c?pvs=21),2025
Maintenance SIPADU,,"January 3, 2025 8:49 AM",Bukti dukung tersedia,"January 3, 2025",,Aplikasi Kantor,Lengkap,Januari,,,,Done,,,IPJKD (https://www.notion.so/IPJKD-16f2318e3b728057b0a0f5ff0e21731c?pvs=21),2025
"Operator Rakor SNLIK ",,"January 6, 2025 1:56 PM",,"January 7, 2025",,Kegiatan Lainnya,Lengkap,Januari,,,,Done,,,IPJKD (https://www.notion.so/IPJKD-16f2318e3b728057b0a0f5ff0e21731c?pvs=21),2025
Mengelola LMS Internalisasi Sektoral,,"January 8, 2025 9:25 AM",Bukti dukung tersedia,"January 8, 2025 → January 10, 2025",,Metadata dan Romantik,Lengkap,Januari,,,,Done,,,Sektoral (https://www.notion.so/Sektoral-16f2318e3b728043936ff61256aeb3c6?pvs=21),2025
[Zoom-Sosial] SNLIK,,"January 9, 2025 3:29 PM","6400_Kaltim is inviting you to a scheduled Zoom meeting.

Topic: SNLIK
Time: Jan 10, 2025 09:30 Singapore
Join Zoom Meeting
https://us06web.zoom.us/j/6400006402?pwd=bjFkMFVXSDBvNVFKUWQwbkZsSzRiUT09&omn=84076044451

Meeting ID: 640 000 6402
Passcode: bps64

","January 10, 2025",,Mengelola Zoom,Lengkap,Januari,,,,Done,,,IPJKD (https://www.notion.so/IPJKD-16f2318e3b728057b0a0f5ff0e21731c?pvs=21),2025
[Zoom-RB] Koordinasi dan Konsolidasi Pembangunan Zona Integritas BPS Kabupaten/Kota,,"January 13, 2025 2:39 PM","Kasie IPD BPS Provinsi Kalimantan Timur is inviting you to a scheduled Zoom meeting.

Topic: Koordinasi dan Konsolidasi Pembangunan Zona Integritas BPS Kabupaten/Kota
Time: Jan 16, 2025 08:00 Singapore
Join Zoom Meeting
https://us06web.zoom.us/j/6400006401?pwd=vbbrDhb5Fq9jCKJhNG0xZagT5bvFg7.1&omn=83564892843

Meeting ID: 640 000 6401
Passcode: bps6400

","January 16, 2025",,Mengelola Zoom,Lengkap,Januari,,,,Done,,,IPJKD (https://www.notion.so/IPJKD-16f2318e3b728057b0a0f5ff0e21731c?pvs=21),2025
Mengelola LMS Internalisasi Sektoral,,"January 14, 2025 9:50 AM",Bukti dukung tersedia.,"January 12, 2025 → January 14, 2025",,Metadata dan Romantik,Lengkap,Januari,,,,Done,,,Sektoral (https://www.notion.so/Sektoral-16f2318e3b728043936ff61256aeb3c6?pvs=21),2025
"[Zoom-distribusi] ",,"January 15, 2025 7:50 AM","Kasie IPD BPS Provinsi Kalimantan Timur is inviting you to a scheduled Zoom meeting.

Topic: Kasie IPD BPS Provinsi Kalimantan Timur's Zoom Meeting
Time: Jan 15, 2025 08:00 Singapore
Join Zoom Meeting
https://us06web.zoom.us/j/6400006401?pwd=vbbrDhb5Fq9jCKJhNG0xZagT5bvFg7.1&omn=86313179550

Meeting ID: 640 000 6401
Passcode: bps6400

","January 15, 2025",,Mengelola Zoom,Lengkap,Januari,,,,Done,,,IPJKD (https://www.notion.so/IPJKD-16f2318e3b728057b0a0f5ff0e21731c?pvs=21),2025
Buat sertifikat internalisasi sektoral,,"January 15, 2025 7:51 AM",Kelengkapa dapat diakses pada: https://drive.google.com/open?id=1HKpXToxqB0tGcwnB18jIVDpoNPJUfho2&usp=drive_fs,"January 15, 2025",,Kegiatan Lainnya,Lengkap,Januari,,,,Done,,,Sektoral (https://www.notion.so/Sektoral-16f2318e3b728043936ff61256aeb3c6?pvs=21),2025
Update SIPADU,,"January 15, 2025 11:28 AM",Screenshot di bawah,"January 15, 2025",,Aplikasi Kantor,Lengkap,Januari,,,,Done,,,IPJKD (https://www.notion.so/IPJKD-16f2318e3b728057b0a0f5ff0e21731c?pvs=21),2025
[Zoom-produksi] Pembahasan Angka Produktivitas Tanaman Pangan Subround III Tahun 2024,,"January 17, 2025 2:07 PM","Kasie IPD BPS Provinsi Kalimantan Timur is inviting you to a scheduled Zoom meeting.

Topic: [Zoom-produksi] Pembahasan Angka Profuktivitas Tanaman Pangan Subround III Tahun 2024
Time: Jan 21, 2025 09:00 Singapore
Join Zoom Meeting
https://us06web.zoom.us/j/6400006401?pwd=vbbrDhb5Fq9jCKJhNG0xZagT5bvFg7.1&omn=89400186077

Meeting ID: 640 000 6401
Passcode: bps6400

","January 21, 2025 9:00 AM (GMT+8)",,Mengelola Zoom,Lengkap,Januari,,,,Done,,,IPJKD (https://www.notion.so/IPJKD-16f2318e3b728057b0a0f5ff0e21731c?pvs=21),2025
"IELTS Course @Kobi ",,"January 17, 2025 4:01 PM",,"January 25, 2025 10:00 AM (GMT+8)",,S2,Lengkap,Januari,,,,Done,,,Lainnya (https://www.notion.so/Lainnya-17e2318e3b728083bf66c403999d1de6?pvs=21),2025
"IELTS Course @Kobi ",,"January 17, 2025 4:02 PM",,"January 26, 2025 10:00 AM (GMT+8)",,S2,Lengkap,Januari,,,,Done,,,Lainnya (https://www.notion.so/Lainnya-17e2318e3b728083bf66c403999d1de6?pvs=21),2025
"IELTS Course @Kobi ",,"January 17, 2025 4:02 PM",,"March 16, 2025 10:00 AM (GMT+8)",,S2,Lengkap,Maret,,,,Done,,,Lainnya (https://www.notion.so/Lainnya-17e2318e3b728083bf66c403999d1de6?pvs=21),2025
"IELTS Course @Kobi ",,"January 17, 2025 4:03 PM",,"February 1, 2025 10:00 AM (GMT+8)",,S2,Lengkap,Februari,,,,Done,,,Lainnya (https://www.notion.so/Lainnya-17e2318e3b728083bf66c403999d1de6?pvs=21),2025
"IELTS Course @Kobi ",,"January 17, 2025 4:03 PM",,"February 8, 2025 10:00 AM (GMT+8)",,S2,Lengkap,Februari,,,,Done,,,Lainnya (https://www.notion.so/Lainnya-17e2318e3b728083bf66c403999d1de6?pvs=21),2025
"IELTS Course @Kobi ",,"January 17, 2025 4:03 PM",,"February 15, 2025 10:00 AM (GMT+8)",,S2,Lengkap,Februari,,,,Done,,,Lainnya (https://www.notion.so/Lainnya-17e2318e3b728083bf66c403999d1de6?pvs=21),2025
"IELTS Course @Kobi ",,"January 17, 2025 4:03 PM",,"February 22, 2025 10:00 AM (GMT+8)",,S2,Lengkap,Februari,,,,Done,,,Lainnya (https://www.notion.so/Lainnya-17e2318e3b728083bf66c403999d1de6?pvs=21),2025
"IELTS Course @Kobi ",,"January 17, 2025 4:03 PM",,"February 2, 2025 10:00 AM (GMT+8)",,S2,Lengkap,Februari,,,,Done,,,Lainnya (https://www.notion.so/Lainnya-17e2318e3b728083bf66c403999d1de6?pvs=21),2025
"IELTS Course @Kobi ",,"January 17, 2025 4:03 PM",,"February 9, 2025 10:00 AM (GMT+8)",,S2,Lengkap,Februari,,,,Done,,,Lainnya (https://www.notion.so/Lainnya-17e2318e3b728083bf66c403999d1de6?pvs=21),2025
"IELTS Course @Kobi ",,"January 17, 2025 4:03 PM",,"February 16, 2025 10:00 AM (GMT+8)",,S2,Lengkap,Februari,,,,Done,,,Lainnya (https://www.notion.so/Lainnya-17e2318e3b728083bf66c403999d1de6?pvs=21),2025
"IELTS Course @Kobi ",,"January 17, 2025 4:03 PM",,"February 23, 2025 10:00 AM (GMT+8)",,S2,Lengkap,Februari,,,,Done,,,Lainnya (https://www.notion.so/Lainnya-17e2318e3b728083bf66c403999d1de6?pvs=21),2025
"IELTS Course @Kobi ",,"January 17, 2025 4:03 PM",,"March 1, 2025 10:00 AM (GMT+8)",,S2,Lengkap,Maret,,,,Done,,,Lainnya (https://www.notion.so/Lainnya-17e2318e3b728083bf66c403999d1de6?pvs=21),2025
"IELTS Course @Kobi ",,"January 17, 2025 4:04 PM",,"March 8, 2025 10:00 AM (GMT+8)",,S2,Lengkap,Maret,,,,Done,,,Lainnya (https://www.notion.so/Lainnya-17e2318e3b728083bf66c403999d1de6?pvs=21),2025
"IELTS Course @Kobi ",,"January 17, 2025 4:04 PM",,"March 15, 2025 10:00 AM (GMT+8)",,S2,Lengkap,Maret,,,,Done,,,Lainnya (https://www.notion.so/Lainnya-17e2318e3b728083bf66c403999d1de6?pvs=21),2025
"IELTS Course @Kobi ",,"January 17, 2025 4:04 PM",,"March 22, 2025 10:00 AM (GMT+8)",,S2,Lengkap,Maret,,,,Done,,,Lainnya (https://www.notion.so/Lainnya-17e2318e3b728083bf66c403999d1de6?pvs=21),2025
"IELTS Course @Kobi ",,"January 17, 2025 4:04 PM",,"March 23, 2025 10:00 AM (GMT+8)",,S2,Lengkap,Maret,,,,Done,,,Lainnya (https://www.notion.so/Lainnya-17e2318e3b728083bf66c403999d1de6?pvs=21),2025
"IELTS Course @Kobi ",,"January 17, 2025 4:04 PM",,"March 9, 2025 10:00 AM (GMT+8)",,S2,Lengkap,Maret,,,,Done,,,Lainnya (https://www.notion.so/Lainnya-17e2318e3b728083bf66c403999d1de6?pvs=21),2025
"IELTS Course @Kobi ",,"January 17, 2025 4:04 PM",,"March 2, 2025 10:00 AM (GMT+8)",,S2,Lengkap,Maret,,,,Done,,,Lainnya (https://www.notion.so/Lainnya-17e2318e3b728083bf66c403999d1de6?pvs=21),2025
Rapat ISO,,"January 23, 2025 8:42 AM",,"January 23, 2025",,Mengikuti rapat/sosialisasi/pelatihan,Lengkap,Januari,,,,Done,,,ISO PEKPPPP (https://www.notion.so/ISO-PEKPPPP-1842318e3b728029ba5fcb1d2ad6c26d?pvs=21),2025
[Zoom-RB] Rapat Koodinasi Penerbitan Jurnal Bestari,,"February 3, 2025 8:35 AM","Dokumentasi tersedia. ","February 4, 2025 1:30 PM (GMT+8)",,Mengelola Zoom,Lengkap,Februari,,,,Done,,,"IPJKD (https://www.notion.so/IPJKD-16f2318e3b728057b0a0f5ff0e21731c?pvs=21), RB dan Inovasi (https://www.notion.so/RB-dan-Inovasi-16f2318e3b72804f80dcdfc48445c75b?pvs=21)",2025
Maintenance Si Caka,,"February 3, 2025 2:05 PM","Dokumen bukti dukung tersedia ","February 3, 2025 → February 5, 2025",,Aplikasi Kantor,Lengkap,Februari,,,,Done,,,IPJKD (https://www.notion.so/IPJKD-16f2318e3b728057b0a0f5ff0e21731c?pvs=21),2025
"[Zoom-Neraca] Rekon PDRB ",,"February 3, 2025 3:43 PM","Kasie IPD BPS Provinsi Kalimantan Timur is inviting you to a scheduled Zoom meeting.

Topic: Zoom Rekon PDRB
Time: Feb 4, 2025 14:30 Singapore
Join Zoom Meeting
https://us06web.zoom.us/j/6400006401?pwd=vbbrDhb5Fq9jCKJhNG0xZagT5bvFg7.1&omn=87528903675

Meeting ID: 640 000 6401
Passcode: bps6400","February 5, 2025 → February 7, 2025",,Mengelola Zoom,Lengkap,Februari,,,,Done,,,IPJKD (https://www.notion.so/IPJKD-16f2318e3b728057b0a0f5ff0e21731c?pvs=21),2025
[Zoom-Neraca] Rekon PDRB,,"February 3, 2025 3:44 PM",,"February 10, 2025 → February 13, 2025",,Mengelola Zoom,Lengkap,Februari,,,,Done,,,IPJKD (https://www.notion.so/IPJKD-16f2318e3b728057b0a0f5ff0e21731c?pvs=21),2025
Coaching Clinic ISO: Audit Internal,,"February 4, 2025 10:04 AM","Link kelengkapan: 
https://pstbps.my.canva.site/coaching-clinic-pst","February 4, 2025",,Mengikuti rapat/sosialisasi/pelatihan,Lengkap,Februari,,,,Done,,,ISO PEKPPPP (https://www.notion.so/ISO-PEKPPPP-1842318e3b728029ba5fcb1d2ad6c26d?pvs=21),2025
Mengolah excel data pendukung SBR,,"February 5, 2025 9:20 AM","screenshot tersedia. ","February 5, 2025",,Wilkerstat,Lengkap,Februari,,,,Done,,,IPJKD (https://www.notion.so/IPJKD-16f2318e3b728057b0a0f5ff0e21731c?pvs=21),2025
Mengelola Bestari,,"February 5, 2025 9:22 AM","Bukti dukung di bawah. ","February 5, 2025 → February 7, 2025",,"Aplikasi Kantor, Bestari",Lengkap,Februari,,,,Done,,,RB dan Inovasi (https://www.notion.so/RB-dan-Inovasi-16f2318e3b72804f80dcdfc48445c75b?pvs=21),2025
[Zoom-RB] Rapat Tim Editorial Bestari,,"February 5, 2025 2:45 PM","──────────6400_Kaltim is inviting you to a scheduled Zoom meeting.Join Zoom Meetinghttps://us06web.zoom.us/j/6400006402?pwd=bjFkMFVXSDBvNVFKUWQwbkZsSzRiUT09&omn=89969384231
Meeting ID: 640 000 6402
Passcode: bps64

","February 10, 2025",,"Bestari, Mengelola Zoom",Lengkap,Februari,,,,Done,,,"IPJKD (https://www.notion.so/IPJKD-16f2318e3b728057b0a0f5ff0e21731c?pvs=21), RB dan Inovasi (https://www.notion.so/RB-dan-Inovasi-16f2318e3b72804f80dcdfc48445c75b?pvs=21)",2025
Maintenance Si Caka,,"February 6, 2025 8:36 AM","Bukti dukung di bawah ","February 5, 2025 → February 7, 2025",,Aplikasi Kantor,Lengkap,Februari,,,,Done,,,IPJKD (https://www.notion.so/IPJKD-16f2318e3b728057b0a0f5ff0e21731c?pvs=21),2025
[Zoom-RB] Sosialisasi Penulisan Bestari,,"February 6, 2025 8:40 AM","Kasie IPD BPS Provinsi Kalimantan Timur is inviting you to a scheduled Zoom meeting.

Topic: Alinea Part 5
Time: Feb 20, 2025 14:00 Singapore
Join Zoom Meeting
https://us06web.zoom.us/j/6400006401?pwd=vbbrDhb5Fq9jCKJhNG0xZagT5bvFg7.1&omn=86586551799

Meeting ID: 640 000 6401
Passcode: bps6400

","February 26, 2025 2:00 PM (GMT+8)",,Mengelola Zoom,Lengkap,Februari,,,,Done,,,"IPJKD (https://www.notion.so/IPJKD-16f2318e3b728057b0a0f5ff0e21731c?pvs=21), RB dan Inovasi (https://www.notion.so/RB-dan-Inovasi-16f2318e3b72804f80dcdfc48445c75b?pvs=21)",2025
"Zoom Bitdefender ",,"February 6, 2025 11:39 AM",http://s.bps.go.id/kamis-eksis,"February 6, 2025",,Aplikasi Kantor,Lengkap,Februari,,,,Done,,,IPJKD (https://www.notion.so/IPJKD-16f2318e3b728057b0a0f5ff0e21731c?pvs=21),2025
Internalisasi Statistik Sektoral ESENSIAL,,"February 6, 2025 11:40 AM","🚀 Kick Off Pembinaan Statistik Sektoral 2025 🚀

Yth. Bapak/Ibu Walidata dan Tim Pembina

Kami mengundang Bapak/Ibu untuk hadir dalam Kick Off Pembinaan Statistik Sektoral 2025, sebuah langkah awal dalam peningkatan koordinasi serta kualitas statistik sektoral, yang akan diselenggarakan pada:

📅 Kamis, 6 Februari 2025
⏰ 08.00 WIB - selesai
📍 Zoom Workplace / Youtube Live
https://s.id/kickoff-pembinaan2025

Hormat kami,
Sekretariat Pembinaan Statistik Sektoral
Badan Pusat Statistik","February 6, 2025",,Metadata dan Romantik,Lengkap,Februari,,,,Done,,,Sektoral (https://www.notion.so/Sektoral-16f2318e3b728043936ff61256aeb3c6?pvs=21),2025
"Rapat sekretariat RB untuk persiapan kick off pencanangan ZI kabkota ",,"February 8, 2025 1:14 PM","notulen dan to do list ada di samsung notes. bisa dipindah kesini nanti yaa ","February 7, 2025",,Sekretariat RB,Lengkap,Februari,,,,Done,,,RB dan Inovasi (https://www.notion.so/RB-dan-Inovasi-16f2318e3b72804f80dcdfc48445c75b?pvs=21),2025
[Zoom -RB] Kick off meeting zona integritas,,"February 8, 2025 1:16 PM","Kasie IPD BPS Provinsi Kalimantan Timur is inviting you to a scheduled Zoom meeting.

Topic: kick off meeting persiapan penilaian pembangunan ZI
Time: Feb 14, 2025 14:00 Singapore
Join Zoom Meeting
https://us06web.zoom.us/j/6400006401?pwd=vbbrDhb5Fq9jCKJhNG0xZagT5bvFg7.1&omn=89212568757

Meeting ID: 640 000 6401
Passcode: bps6400

","February 17, 2025",,"Mengelola Zoom, Sekretariat RB",Lengkap,Februari,,,,Done,,,"RB dan Inovasi (https://www.notion.so/RB-dan-Inovasi-16f2318e3b72804f80dcdfc48445c75b?pvs=21), IPJKD (https://www.notion.so/IPJKD-16f2318e3b728057b0a0f5ff0e21731c?pvs=21)",2025
Membuat query SNLIK,,"February 10, 2025 8:21 AM",,"February 10, 2025 → February 12, 2025",,SNLIK,Lengkap,Februari,,,,Done,,,IPJKD (https://www.notion.so/IPJKD-16f2318e3b728057b0a0f5ff0e21731c?pvs=21),2025
Mengeloal Bestari,,"February 10, 2025 3:59 PM",Deskripsi di bawah,"February 11, 2025 → February 14, 2025",,Bestari,Lengkap,Februari,,,,Done,,,RB dan Inovasi (https://www.notion.so/RB-dan-Inovasi-16f2318e3b72804f80dcdfc48445c75b?pvs=21),2025
"Rapat RB Persiapan kick off ",,"February 10, 2025 4:00 PM","Kasie IPD BPS Provinsi Kalimantan Timur is inviting you to a scheduled Zoom meeting.

Topic: kick off meeting persiapan penilaian pembangunan ZI
Time: Feb 14, 2025 14:00 Singapore
Join Zoom Meeting
https://us06web.zoom.us/j/6400006401?pwd=vbbrDhb5Fq9jCKJhNG0xZagT5bvFg7.1&omn=89212568757

Meeting ID: 640 000 6401
Passcode: bps6400","February 11, 2025",,Mengikuti rapat/sosialisasi/pelatihan,Lengkap,Februari,,,,Done,,,RB dan Inovasi (https://www.notion.so/RB-dan-Inovasi-16f2318e3b72804f80dcdfc48445c75b?pvs=21),2025
Mengelola web descan,,"February 13, 2025 3:44 PM",,"February 17, 2025 → February 21, 2025",,Aplikasi Kantor,Lengkap,Februari,,,,Done,,,IPJKD (https://www.notion.so/IPJKD-16f2318e3b728057b0a0f5ff0e21731c?pvs=21),2025
"Persiapan Kick off RB ",,"February 14, 2025 9:59 AM","bukti dukung di bawah ","February 14, 2025",,Kegiatan Lainnya,Lengkap,Februari,,,,Done,,,RB dan Inovasi (https://www.notion.so/RB-dan-Inovasi-16f2318e3b72804f80dcdfc48445c75b?pvs=21),2025
"[Zoom-RB] Zoom tata laksana mbak nurul ",,"February 17, 2025 1:35 PM","Kasie IPD BPS Provinsi Kalimantan Timur is inviting you to a scheduled Zoom meeting.

Topic: Zoom tata laksana
Time: Feb 18, 2025 14:00 Singapore
Join Zoom Meeting
https://us06web.zoom.us/j/6400006401?pwd=vbbrDhb5Fq9jCKJhNG0xZagT5bvFg7.1&omn=84978305242

Meeting ID: 640 000 6401
Passcode: bps6400

","February 18, 2025 2:00 PM (GMT+8)",,Mengelola Zoom,Lengkap,Februari,,,,Done,,,IPJKD (https://www.notion.so/IPJKD-16f2318e3b728057b0a0f5ff0e21731c?pvs=21),2025
"Membuat kalender RB ",,"February 17, 2025 3:37 PM",Bukti dukung: https://docs.google.com/spreadsheets/d/1ZaoQVAKzgJMF4qARJuFFVmRfFaUT6MJMCXn2558uJeU/edit?gid=1028213547#gid=1028213547,"February 17, 2025 → February 18, 2025",,Aplikasi Kantor,Lengkap,Februari,,,,Done,,,RB dan Inovasi (https://www.notion.so/RB-dan-Inovasi-16f2318e3b72804f80dcdfc48445c75b?pvs=21),2025
"[Zoom-neraca] Workshop QG ",,"February 18, 2025 1:06 PM","Kasie IPD BPS Provinsi Kalimantan Timur is inviting you to a scheduled Zoom meeting.

Topic: Alinea Part 5
Time: Feb 20, 2025 14:00 Singapore
Join Zoom Meeting
https://us06web.zoom.us/j/6400006401?pwd=vbbrDhb5Fq9jCKJhNG0xZagT5bvFg7.1&omn=86586551799

Meeting ID: 640 000 6401
Passcode: bps6400","February 25, 2025",,Mengelola Zoom,Lengkap,Februari,,,,Done,,,IPJKD (https://www.notion.so/IPJKD-16f2318e3b728057b0a0f5ff0e21731c?pvs=21),2025
[Zoom-sosial] Arahan Kepala BPS Prov terkait Persiapan Susenas Maret 2025,,"February 18, 2025 2:13 PM","6400_Kaltim mengundang Anda untuk bergabung ke rapat Zoom yang terjadwal.

Topik: Rapat Sosial: Arahan Kepala BPS Prov terkait Persiapan Susenas Maret 2025
Waktu: 18 Feb 2025 15:00 Singapura
Bergabung ke Rapat Zoom
https://us06web.zoom.us/j/6400006402?pwd=bjFkMFVXSDBvNVFKUWQwbkZsSzRiUT09&omn=87526693808

ID Rapat: 640 000 6402
Kode Sandi: bps64

","February 18, 2025",,Mengelola Zoom,Lengkap,Februari,,,,Done,,,IPJKD (https://www.notion.so/IPJKD-16f2318e3b728057b0a0f5ff0e21731c?pvs=21),2025
[Zoom-neraca] Finalisasi Rekonsiliasi PDRB Kabupaten/Kota Triwulanan Menurut Pengeluaran Tahun 2022-2024,,"February 19, 2025 8:06 AM",,"February 19, 2025 8:50 AM (GMT+8)",,Mengelola Zoom,Lengkap,Februari,,,,Done,,,IPJKD (https://www.notion.so/IPJKD-16f2318e3b728057b0a0f5ff0e21731c?pvs=21),2025
[Zoom-RB] Rapat Pilar Manajemen Perubahan,,"February 20, 2025 8:50 AM","Kasie IPD BPS Provinsi Kalimantan Timur is inviting you to a scheduled Zoom meeting.

Topic: Kasie IPD BPS Provinsi Kalimantan Timur's Zoom Meeting
Time: Feb 21, 2025 14:00 Singapore
Join Zoom Meeting
https://us06web.zoom.us/j/6400006401?pwd=vbbrDhb5Fq9jCKJhNG0xZagT5bvFg7.1&omn=86505613263

Meeting ID: 640 000 6401
Passcode: bps6400

","February 21, 2025",,Mengelola Zoom,Lengkap,Februari,,,,Done,,,IPJKD (https://www.notion.so/IPJKD-16f2318e3b728057b0a0f5ff0e21731c?pvs=21),2025
[Zoom-Neraca],,"February 25, 2025 2:24 PM","[12:44 PM, 2/25/2025] Nindia Indri BPS Kaltim: Aul, minta link zoom buat bsok dunks
[12:44 PM, 2/25/2025] Nindia Indri BPS Kaltim: Rapat dengan OIKN
[12:44 PM, 2/25/2025] Nindia Indri BPS Kaltim: Jam 8 mulainya
[12:59 PM, 2/25/2025] Aulia M 😼: sampai jam brp kak?
[1:00 PM, 2/25/2025] Nindia Indri BPS Kaltim: jam 10an aja ul
[1:08 PM, 2/25/2025] Aulia M 😼: ok pakai ini lagi aja
[1:09 PM, 2/25/2025] Nindia Indri BPS Kaltim: oceeee ul
makasih banyaaak
[1:09 PM, 2/25/2025] Nindia Indri BPS Kaltim: Kasie IPD BPS Provinsi Kalimantan Timur is inviting you to a scheduled Zoom meeting.

Topic: Rapat dengan OIKN
Time: Feb 26, 2025 08:00 Singapore
Join Zoom Meeting
https://us06web.zoom.us/j/6400006401?pwd=vbbrDhb5Fq9jCKJhNG0xZagT5bvFg7.1&omn=86586551799

Meeting ID: 640 000 6401
Passcode: bps6400
[1:09 PM, 2/25/2025] Nindia Indri BPS Kaltim: ini yaa brartiii
[1:09 PM, 2/25/2025] Aulia M 😼: iyaa
[1:10 PM, 2/25/2025] Nindia Indri BPS Kaltim: oceee","February 26, 2025 8:00 AM (GMT+8)",,Mengelola Zoom,Lengkap,Februari,,,,Done,,,,2025
[Zoom-RB] Pilar SDM,,"February 25, 2025 2:40 PM",akun bps6400,"February 26, 2025 8:00 AM (GMT+8)",,Mengelola Zoom,Lengkap,Februari,,,,Done,,,IPJKD (https://www.notion.so/IPJKD-16f2318e3b728057b0a0f5ff0e21731c?pvs=21),2025
"[Zoom-neraca] Rekon pdrb ",,"February 26, 2025 1:17 PM",pakai akun kasieipd,"February 27, 2025",,Mengelola Zoom,Lengkap,Februari,,,,Done,,,IPJKD (https://www.notion.so/IPJKD-16f2318e3b728057b0a0f5ff0e21731c?pvs=21),2025
[Zoom-sosial] Pelatihan DTSEN,,"February 26, 2025 1:17 PM","6400_Kaltim is inviting you to a scheduled Zoom meeting.

Topic: Pelatihan DTSEN
Time: Feb 27, 2025 08:00 Singapore
Join Zoom Meeting
https://us06web.zoom.us/j/6400006402?pwd=bjFkMFVXSDBvNVFKUWQwbkZsSzRiUT09&omn=89913215238

Meeting ID: 640 000 6402
Passcode: bps64

","February 27, 2025",,Mengelola Zoom,Lengkap,Februari,,,,Done,,,,2025
"Menyiapkan ruang sigma utk tarhib ramadhan ",,"February 27, 2025 10:28 AM",,"February 27, 2025",,Kegiatan Lainnya,Lengkap,Februari,,,,Done,,,IPJKD (https://www.notion.so/IPJKD-16f2318e3b728057b0a0f5ff0e21731c?pvs=21),2025
Maintenance Bestari,,"March 4, 2025 8:49 AM",mengubah link submission guide,"March 4, 2025",,Bestari,Lengkap,Maret,,,,Done,,,RB dan Inovasi (https://www.notion.so/RB-dan-Inovasi-16f2318e3b72804f80dcdfc48445c75b?pvs=21),2025
Maintenance Sicaka,,"March 4, 2025 8:50 AM",bukti dukugn di bawah,"March 4, 2025 → March 6, 2025",,Aplikasi Kantor,Lengkap,Maret,,,,Done,,,IPJKD (https://www.notion.so/IPJKD-16f2318e3b728057b0a0f5ff0e21731c?pvs=21),2025
Rapat ISO,,"March 4, 2025 8:51 AM",,"March 3, 2025",,Mengikuti rapat/sosialisasi/pelatihan,Lengkap,Maret,,,,Done,,,ISO PEKPPPP (https://www.notion.so/ISO-PEKPPPP-1842318e3b728029ba5fcb1d2ad6c26d?pvs=21),2025
Rapat sekretariat RB,,"March 4, 2025 8:51 AM",,"March 3, 2025",,Mengikuti rapat/sosialisasi/pelatihan,Lengkap,Maret,,,,Done,,,RB dan Inovasi (https://www.notion.so/RB-dan-Inovasi-16f2318e3b72804f80dcdfc48445c75b?pvs=21),2025
"[Zoom-CC dan neraca] Rekon pdrb dan rapat CC se kabkot ",,"March 4, 2025 8:52 AM","pagi-siang : akun bps6400
siang : akun kasieipd6400","March 4, 2025",,Mengelola Zoom,Lengkap,Maret,,,,Done,,,IPJKD (https://www.notion.so/IPJKD-16f2318e3b728057b0a0f5ff0e21731c?pvs=21),2025
Mengikuti zoom PIC SPBE,,"March 4, 2025 9:42 AM","screenshot di bawah ","March 4, 2025",,Mengikuti rapat/sosialisasi/pelatihan,Lengkap,Maret,,,,Done,,,IPJKD (https://www.notion.so/IPJKD-16f2318e3b728057b0a0f5ff0e21731c?pvs=21),2025
[Zoom-RB] Rapat pilar SDM (bu vivi),,"March 5, 2025 8:02 AM","Kasie IPD BPS Provinsi Kalimantan Timur is inviting you to a scheduled Zoom meeting.

Topic: Rapat pilar SDM
Time: Mar 5, 2025 09:00 Singapore
Join Zoom Meeting
https://us06web.zoom.us/j/6400006401?pwd=vbbrDhb5Fq9jCKJhNG0xZagT5bvFg7.1&omn=85738055896

Meeting ID: 640 000 6401
Passcode: bps6400

","March 5, 2025 9:00 AM (GMT+8)",,Mengelola Zoom,Lengkap,Maret,,,,Done,,,IPJKD (https://www.notion.so/IPJKD-16f2318e3b728057b0a0f5ff0e21731c?pvs=21),2025
"Input dinas di http://webapss.bps.go.id/rujukan/pembinaan ",,"March 5, 2025 8:06 AM",screenshot di bawah,"March 5, 2025 → March 6, 2025",,Kegiatan Lainnya,Lengkap,Maret,,,Medium,Done,,,Sektoral (https://www.notion.so/Sektoral-16f2318e3b728043936ff61256aeb3c6?pvs=21),2025
Coba scraping indah kayaknya bisa? gatau deh blm coba,,"March 5, 2025 8:07 AM",,"March 5, 2025 → March 7, 2025",,Metadata dan Romantik,Belum ada bukti dukung,Maret,,,Low,Archived,,,Sektoral (https://www.notion.so/Sektoral-16f2318e3b728043936ff61256aeb3c6?pvs=21),2025
Buat SOP sektoral,,"March 5, 2025 8:08 AM",,"March 5, 2025",,Kegiatan Lainnya,Lengkap,Maret,,,High,Done,,,Sektoral (https://www.notion.so/Sektoral-16f2318e3b728043936ff61256aeb3c6?pvs=21),2025
"[Zoom-RB] Pilar pelayanan publik ",,"March 5, 2025 9:47 AM","Kasie IPD BPS Provinsi Kalimantan Timur is inviting you to a scheduled Zoom meeting.

Topic: Rapat pilar SDM
Time: Mar 5, 2025 09:00 Singapore
Join Zoom Meeting
https://us06web.zoom.us/j/6400006401?pwd=vbbrDhb5Fq9jCKJhNG0xZagT5bvFg7.1&omn=85738055896

Meeting ID: 640 000 6401
Passcode: bps6400","March 6, 2025 9:00 AM (GMT+8)",,Mengelola Zoom,Lengkap,Maret,,,,Done,,,IPJKD (https://www.notion.so/IPJKD-16f2318e3b728057b0a0f5ff0e21731c?pvs=21),2025
[Zoom-Produksi] Pelatihan …,,"March 5, 2025 1:26 PM","──────────Kasie IPD BPS Provinsi Kalimantan Timur is inviting you to a scheduled Zoom meeting.Join Zoom Meetinghttps://us06web.zoom.us/j/6400006401?pwd=vbbrDhb5Fq9jCKJhNG0xZagT5bvFg7.1&omn=82189653126Meeting ID: 640 000 6401Passcode: bps6400

","March 7, 2025",,Mengelola Zoom,Lengkap,Maret,,,,Done,,,IPJKD (https://www.notion.so/IPJKD-16f2318e3b728057b0a0f5ff0e21731c?pvs=21),2025
[Zoom-produksi] Pelatihan …,,"March 5, 2025 1:29 PM","──────────Kasie IPD BPS Provinsi Kalimantan Timur is inviting you to a scheduled Zoom meeting.Join Zoom Meetinghttps://us06web.zoom.us/j/6400006401?pwd=vbbrDhb5Fq9jCKJhNG0xZagT5bvFg7.1&omn=82189653126

Meeting ID: 640 000 6401
Passcode: bps6400

","March 10, 2025 → March 12, 2025",,Mengelola Zoom,Lengkap,Maret,,,,Done,,,IPJKD (https://www.notion.so/IPJKD-16f2318e3b728057b0a0f5ff0e21731c?pvs=21),2025
Buat SOP Aplikasi Kantor,,"March 6, 2025 10:15 AM",,"March 6, 2025",,Kegiatan Lainnya,Lengkap,Maret,,,,Done,,,RB dan Inovasi (https://www.notion.so/RB-dan-Inovasi-16f2318e3b72804f80dcdfc48445c75b?pvs=21),2025
[Zoom-distribusi] Pra-Rekonsiliasi Daerah Indeks Kemahalan Konstruksi 2025 (Host Yogi),,"March 6, 2025 10:26 AM","6400_Kaltim is inviting you to a scheduled Zoom meeting.

Topic: Pra-Rekonsiliasi Daerah Indeks Kemahalan Konstruksi 2025
Time: Mar 11, 2025 10:30 Singapore
Join Zoom Meeting
https://us06web.zoom.us/j/6400006402?pwd=bjFkMFVXSDBvNVFKUWQwbkZsSzRiUT09&omn=84744357330

Meeting ID: 640 000 6402
Passcode: bps64

","March 11, 2025",,Mengelola Zoom,Lengkap,Maret,,,,Done,,,IPJKD (https://www.notion.so/IPJKD-16f2318e3b728057b0a0f5ff0e21731c?pvs=21),2025
[Zoom-distribusi] Pra-Rekonsiliasi Daerah Indeks Kemahalan Konstruksi 2025 (Host Yogi),,"March 6, 2025 10:28 AM","6400_Kaltim is inviting you to a scheduled Zoom meeting.

Topic: Pra-Rekonsiliasi Daerah Indeks Kemahalan Konstruksi 2025
Time: Mar 11, 2025 10:30 Singapore
Join Zoom Meeting
https://us06web.zoom.us/j/6400006402?pwd=bjFkMFVXSDBvNVFKUWQwbkZsSzRiUT09&omn=84744357330

Meeting ID: 640 000 6402
Passcode: bps64

","March 13, 2025",,Mengelola Zoom,Lengkap,Maret,,,,Done,,,IPJKD (https://www.notion.so/IPJKD-16f2318e3b728057b0a0f5ff0e21731c?pvs=21),2025
[Zoom-RB] Pendampingan pilar penguatan pengawasan (Host mbak ely),,"March 6, 2025 1:45 PM",,"March 7, 2025",,Mengelola Zoom,Lengkap,Maret,,,,Done,,,IPJKD (https://www.notion.so/IPJKD-16f2318e3b728057b0a0f5ff0e21731c?pvs=21),2025
"Query raw data sakernas ",,"March 6, 2025 2:35 PM","Screenshot dan link metadata database ada di bawah. ","March 6, 2025",,Sakernas,Lengkap,Maret,,,,Done,,,IPJKD (https://www.notion.so/IPJKD-16f2318e3b728057b0a0f5ff0e21731c?pvs=21),2025
Maintenance SiCaka,,"March 7, 2025 8:17 AM","Perbaikan grafik di dashboard biar semua tim tampil ","March 7, 2025",,Aplikasi Kantor,Lengkap,Maret,,,,Done,,,IPJKD (https://www.notion.so/IPJKD-16f2318e3b728057b0a0f5ff0e21731c?pvs=21),2025
Membuat spreadsheet monitoring ZI,,"March 7, 2025 9:22 AM","screenshot dan link sheets ada di bawah ","March 7, 2025",,Kegiatan Lainnya,Lengkap,Maret,,,,Done,,,RB dan Inovasi (https://www.notion.so/RB-dan-Inovasi-16f2318e3b72804f80dcdfc48445c75b?pvs=21),2025
Membuat spreadsheet monitoring ZI,,"March 10, 2025 8:37 AM","screenshot dan link sheets ada di bawah ","March 10, 2025 → March 11, 2025",,Kegiatan Lainnya,Lengkap,Maret,,,,Done,,,RB dan Inovasi (https://www.notion.so/RB-dan-Inovasi-16f2318e3b72804f80dcdfc48445c75b?pvs=21),2025
"Mengikuti zoom metadata romantik ",,"March 10, 2025 10:01 AM","screenshot ","March 10, 2025 → March 11, 2025",,Mengikuti rapat/sosialisasi/pelatihan,Lengkap,Maret,,,,Done,,,Sektoral (https://www.notion.so/Sektoral-16f2318e3b728043936ff61256aeb3c6?pvs=21),2025
Mengikuti internalisasi ZI,,"March 12, 2025 1:26 PM",,"March 12, 2025 → March 14, 2025",,Mengikuti rapat/sosialisasi/pelatihan,Lengkap,Maret,,,,Done,,,RB dan Inovasi (https://www.notion.so/RB-dan-Inovasi-16f2318e3b72804f80dcdfc48445c75b?pvs=21),2025
Scraping berita terkait cabai di kaltim,,"March 14, 2025 9:09 AM",,"March 13, 2025 → March 17, 2025",,Kegiatan Lainnya,Lengkap,Maret,,,,Done,,,IPJKD (https://www.notion.so/IPJKD-16f2318e3b728057b0a0f5ff0e21731c?pvs=21),2025
"Menambahkan monitoring penilaian ZI di LKE ",,"March 14, 2025 9:17 AM",,"March 14, 2025",,Sekretariat RB,Lengkap,Maret,,,High,Done,,,RB dan Inovasi (https://www.notion.so/RB-dan-Inovasi-16f2318e3b72804f80dcdfc48445c75b?pvs=21),2025
"Analisis harga cabai ",,"March 14, 2025 9:18 AM","repositori terkait: 

- skripsi rizki https://git.stis.ac.id/ks/skripsi2019/analisis-sentimen-bps.git
- skripsi aul https://git.stis.ac.id/ks/skripsi2019/social-sensing-sp2020.git
- full source code skripsi aul https://github.com/amaghfira/SKRIPSI_all-source-code.git
- github https://github.com/amaghfira/project_cabai.git","March 18, 2025 → March 21, 2025",,Kegiatan Lainnya,Lengkap,Maret,,,,Done,,,IPJKD (https://www.notion.so/IPJKD-16f2318e3b728057b0a0f5ff0e21731c?pvs=21),2025
[Zoom-Umum] Verifikasi pertanggungjawaban perjalanan dinas selama tahun 2024 (host mbak fafa),,"March 24, 2025 8:31 AM","Kasie IPD BPS Provinsi Kalimantan Timur is inviting you to a scheduled Zoom meeting.

Topic: [Zoom-Umum] Verifikasi pertanggungjawaban perjalanan dinas selama tahun 2024 (host mbak fafa)
Time: Mar 25, 2025 10:00 Singapore
Join Zoom Meeting
https://us06web.zoom.us/j/6400006401?pwd=vbbrDhb5Fq9jCKJhNG0xZagT5bvFg7.1&omn=82279864650

Meeting ID: 640 000 6401
Passcode: bps6400

","March 25, 2025",,Mengelola Zoom,Lengkap,Maret,,,,Done,,,IPJKD (https://www.notion.so/IPJKD-16f2318e3b728057b0a0f5ff0e21731c?pvs=21),2025
Revalidasi susenas,,"March 24, 2025 8:39 AM",,"March 18, 2025 → March 21, 2025",,Susenas,Lengkap,Maret,,,,Done,,,IPJKD (https://www.notion.so/IPJKD-16f2318e3b728057b0a0f5ff0e21731c?pvs=21),2025
Revalidasi susenas,,"March 24, 2025 8:40 AM",,"March 24, 2025 → March 28, 2025",,Susenas,Lengkap,Maret,,,,Done,,,IPJKD (https://www.notion.so/IPJKD-16f2318e3b728057b0a0f5ff0e21731c?pvs=21),2025
"Rapat ZI dan membuat landing page evaluasi penilaian ZI ",,"March 24, 2025 12:29 PM",,"March 24, 2025",,"Aplikasi Kantor, Mengikuti rapat/sosialisasi/pelatihan",Lengkap,Maret,,,,Done,,,RB dan Inovasi (https://www.notion.so/RB-dan-Inovasi-16f2318e3b72804f80dcdfc48445c75b?pvs=21),2025
[Zoom-RB] Hasil Penilaian ZI Kabkota (oleh TPP),,"April 14, 2025 8:31 AM",,"April 14, 2025",,Mengelola Zoom,Lengkap,April,,,,Done,,,IPJKD (https://www.notion.so/IPJKD-16f2318e3b728057b0a0f5ff0e21731c?pvs=21),2025
[Zoom-descan] Pelatihan Pembina Desa Cantik Kabupaten/Kota Tahun 2025,,"April 14, 2025 2:45 PM","640 000 6401
password: bps6400","April 15, 2025 → April 17, 2025",,Mengelola Zoom,Lengkap,April,,,,Done,,,,2025
[Zoom-diseminasi] Coaching Clinic PEKPP 2025,,"April 14, 2025 2:47 PM","6400_Kaltim is inviting you to a scheduled Zoom meeting.

Topic: Coaching Clinic PEKPP 2025
Time: Apr 16, 2025 09:00 Singapore
Join Zoom Meeting
https://us06web.zoom.us/j/6400006402?pwd=bjFkMFVXSDBvNVFKUWQwbkZsSzRiUT09&omn=86576940944

Meeting ID: 640 000 6402
Passcode: bps64

","April 21, 2025 → April 22, 2025",,Mengelola Zoom,Lengkap,April,,,,Done,,,IPJKD (https://www.notion.so/IPJKD-16f2318e3b728057b0a0f5ff0e21731c?pvs=21),2025
Maintenance Sicaka,,"April 14, 2025 2:51 PM","* kenapa itu masih 2023? 
* dashboard bar chart produksi udh ad isian tp kok 0? ","April 14, 2025 → April 17, 2025",,Aplikasi Kantor,Lengkap,April,,,,Done,,,IPJKD (https://www.notion.so/IPJKD-16f2318e3b728057b0a0f5ff0e21731c?pvs=21),2025
"Buat surat balasan narsum ",,"April 14, 2025 2:52 PM",,"April 14, 2025",,Kegiatan Lainnya,Lengkap,April,,,,Done,,,Sektoral (https://www.notion.so/Sektoral-16f2318e3b728043936ff61256aeb3c6?pvs=21),2025
Mengikuti Coaching EPSS,,"April 16, 2025 10:22 AM",,"April 16, 2025",,EPSS,Lengkap,April,,,,Done,,,Sektoral (https://www.notion.so/Sektoral-16f2318e3b728043936ff61256aeb3c6?pvs=21),2025
Membuat kelas LMS untuk pelatihan PEKPPP Kabupaten/kota,,"April 17, 2025 2:10 PM",Bukti dukung tersedia,"April 16, 2025 → April 17, 2025",,Aplikasi Kantor,Lengkap,April,,,,Done,,,IPJKD (https://www.notion.so/IPJKD-16f2318e3b728057b0a0f5ff0e21731c?pvs=21),2025
Melakukan maintenance sicaka,,"April 22, 2025 9:48 AM","SOLVED! ","April 21, 2025 → April 25, 2025",,Aplikasi Kantor,Lengkap,April,,,,Done,,,IPJKD (https://www.notion.so/IPJKD-16f2318e3b728057b0a0f5ff0e21731c?pvs=21),2025
"[Zoom-Bu Yus] Perkuliahan Sosial Demografi ITK ",,"April 23, 2025 10:36 AM","Kasie IPD BPS Provinsi Kalimantan Timur is inviting you to a scheduled Zoom meeting.

Topic: Perkuliahan Sosial Demografi ITK Bu Yusniar
Time: Apr 25, 2025 15:45 Singapore
Join Zoom Meeting
https://us06web.zoom.us/j/6400006401?pwd=vbbrDhb5Fq9jCKJhNG0xZagT5bvFg7.1&omn=83727768331

Meeting ID: 640 000 6401
Passcode: bps6400

","April 25, 2025",,Mengelola Zoom,Lengkap,April,,,,Done,,,IPJKD (https://www.notion.so/IPJKD-16f2318e3b728057b0a0f5ff0e21731c?pvs=21),2025
Edit google sites penilaian ZI Kabupaten/Kota,,"April 25, 2025 11:09 AM","screenshot di bawah ","April 24, 2025 → April 25, 2025",,Kegiatan Lainnya,Lengkap,April,,,,Done,,,RB dan Inovasi (https://www.notion.so/RB-dan-Inovasi-16f2318e3b72804f80dcdfc48445c75b?pvs=21),2025
Scraping dan analisis berita terkait mudik,,"April 30, 2025 2:09 PM","Bukti dukung di bawah. ","April 28, 2025 → May 1, 2025",,Scraping,Lengkap,April,,,,Done,,,IPJKD (https://www.notion.so/IPJKD-16f2318e3b728057b0a0f5ff0e21731c?pvs=21),2025
Scraping dan analisis berita terkait mudik,,"April 30, 2025 2:24 PM",,"April 22, 2025 → April 25, 2025",,Scraping,Lengkap,April,,,,Done,,,IPJKD (https://www.notion.so/IPJKD-16f2318e3b728057b0a0f5ff0e21731c?pvs=21),2025
"Mengikuti zoom ISO ",,"April 30, 2025 2:24 PM",,"April 29, 2025",,Kegiatan Lainnya,Lengkap,April,,,,Done,,,ISO PEKPPPP (https://www.notion.so/ISO-PEKPPPP-1842318e3b728029ba5fcb1d2ad6c26d?pvs=21),2025
[Zoom-Produksi],,"April 30, 2025 2:27 PM",Bukti dukung tersedia,"April 30, 2025",,,Lengkap,April,,,,Done,,,,2025
Maintenance Sicaka,,"April 30, 2025 2:28 PM","* membuat diagram ERD 
* membuat flowchart sicaka ","April 18, 2025",,Aplikasi Kantor,Lengkap,April,,,,Done,,,IPJKD (https://www.notion.so/IPJKD-16f2318e3b728057b0a0f5ff0e21731c?pvs=21),2025
"[Zoom-ITK] ",,"May 2, 2025 8:49 AM","Kasie IPD BPS Provinsi Kalimantan Timur is inviting you to a scheduled Zoom meeting.

Topic: Kasie IPD BPS Provinsi Kalimantan Timur's Zoom Meeting
Time: May 2, 2025 15:30 Singapore
Join Zoom Meeting
https://us06web.zoom.us/j/87221823254?pwd=52Sqq2lwgUxiauVGlf5eBRX3esy78a.1

Meeting ID: 872 2182 3254
Passcode: bps6400

---

One tap mobile
+13863475053,,87221823254#,,,,*9269326# US
+15074734847,,87221823254#,,,,*9269326# US

---

Dial by your location
• +1 386 347 5053 US
• +1 507 473 4847 US
• +1 564 217 2000 US
• +1 646 558 8656 US (New York)
• +1 646 931 3860 US
• +1 669 444 9171 US
• +1 689 278 1000 US
• +1 719 359 4580 US
• +1 720 707 2699 US (Denver)
• +1 253 205 0468 US
• +1 253 215 8782 US (Tacoma)
• +1 301 715 8592 US (Washington DC)
• +1 305 224 1968 US
• +1 309 205 3325 US
• +1 312 626 6799 US (Chicago)
• +1 346 248 7799 US (Houston)
• +1 360 209 5623 US

Meeting ID: 872 2182 3254
Passcode: 9269326

Find your local number: https://us06web.zoom.us/u/kddx2t7fLW","May 2, 2025",,Mengelola Zoom,Lengkap,Mei,,,,Done,,,IPJKD (https://www.notion.so/IPJKD-16f2318e3b728057b0a0f5ff0e21731c?pvs=21),2025
"[Zoom-Neraca] Rekon PDRB ",,"May 2, 2025 2:23 PM",Kasieipd6400,"May 6, 2025 → May 9, 2025",,Mengelola Zoom,Lengkap,Mei,,,,Done,,,IPJKD (https://www.notion.so/IPJKD-16f2318e3b728057b0a0f5ff0e21731c?pvs=21),2025
"Rapat RB SBO ",,"May 7, 2025 2:10 PM",,"May 7, 2025",,Kegiatan Lainnya,Lengkap,Mei,,,,Done,,,RB dan Inovasi (https://www.notion.so/RB-dan-Inovasi-16f2318e3b72804f80dcdfc48445c75b?pvs=21),2025
Maintenance descan,,"May 8, 2025 9:55 AM",bukti dukung tersedia,"May 8, 2025 → May 9, 2025",,Aplikasi Kantor,Lengkap,Mei,,,,Done,,,IPJKD (https://www.notion.so/IPJKD-16f2318e3b728057b0a0f5ff0e21731c?pvs=21),2025
Membuat kuesioner SBO ke word,,"May 8, 2025 9:56 AM",bukti dukung tersedia,"May 8, 2025 → May 9, 2025",,Kegiatan Lainnya,Lengkap,Mei,,,,Done,,,RB dan Inovasi (https://www.notion.so/RB-dan-Inovasi-16f2318e3b72804f80dcdfc48445c75b?pvs=21),2025
"Membuat monitoring bestari ",,"May 8, 2025 9:56 AM",bukti dukung tersedia,"May 8, 2025",,Bestari,Lengkap,Mei,,,,Done,,,RB dan Inovasi (https://www.notion.so/RB-dan-Inovasi-16f2318e3b72804f80dcdfc48445c75b?pvs=21),2025
[Zoom-RB] Undangan Pembinaan Pembangunan Zona Integritas  Pilar Penataan Tata Laksana Tahun 2025,,"May 9, 2025 9:30 AM",akun bps6400,"May 14, 2025",,Mengelola Zoom,Lengkap,Mei,,,,Done,,,IPJKD (https://www.notion.so/IPJKD-16f2318e3b728057b0a0f5ff0e21731c?pvs=21),2025
"[Zoom-Neraca] Rekon PDRB ",,"May 9, 2025 9:32 AM",Kasieipd6400,"May 14, 2025 → May 16, 2025",,Mengelola Zoom,Lengkap,Mei,,,,Done,,,IPJKD (https://www.notion.so/IPJKD-16f2318e3b728057b0a0f5ff0e21731c?pvs=21),2025
"[Zoom-Neraca] Rekon PDRB ",,"May 9, 2025 9:33 AM",Kasieipd6400,"May 19, 2025 → May 23, 2025",,Mengelola Zoom,Lengkap,Mei,,,,Done,,,IPJKD (https://www.notion.so/IPJKD-16f2318e3b728057b0a0f5ff0e21731c?pvs=21),2025
"[Zoom-Neraca] Rekon PDRB ",,"May 9, 2025 9:33 AM",Kasieipd6400,"May 26, 2025",,Mengelola Zoom,Lengkap,Mei,,,,Done,,,IPJKD (https://www.notion.so/IPJKD-16f2318e3b728057b0a0f5ff0e21731c?pvs=21),2025
Membuat kuesioner SBO semester 1 2025,,"May 14, 2025 8:43 AM","bukti dukung tersedia. ","May 14, 2025 → May 15, 2025",,Kegiatan Lainnya,Lengkap,Mei,,,,Done,,,RB dan Inovasi (https://www.notion.so/RB-dan-Inovasi-16f2318e3b72804f80dcdfc48445c75b?pvs=21),2025
"Memperbaiki database descan ",,"May 14, 2025 8:44 AM",,"May 14, 2025 → May 16, 2025",,Aplikasi Kantor,Lengkap,Mei,,,,Done,,,IPJKD (https://www.notion.so/IPJKD-16f2318e3b728057b0a0f5ff0e21731c?pvs=21),2025
Memperbaiki peta yg di descan,,"May 14, 2025 8:57 AM",,"May 19, 2025 → May 21, 2025",,Aplikasi Kantor,Lengkap,Mei,,,,Done,,,IPJKD (https://www.notion.so/IPJKD-16f2318e3b728057b0a0f5ff0e21731c?pvs=21),2025
Monitoring tulisan masuk bestari dan edit user,,"May 14, 2025 10:32 AM",Bukti dukung tersedia,"May 14, 2025",,Bestari,Lengkap,Mei,,,,Done,,,RB dan Inovasi (https://www.notion.so/RB-dan-Inovasi-16f2318e3b72804f80dcdfc48445c75b?pvs=21),2025
Rapat sektoral,,"May 15, 2025 8:06 AM",Bukti dukung tersedia,"May 15, 2025",,Metadata dan Romantik,Lengkap,Mei,,,,Done,,,Sektoral (https://www.notion.so/Sektoral-16f2318e3b728043936ff61256aeb3c6?pvs=21),2025
"[Zoom RB] Rapat Pilat Tata Laksana ",,"May 15, 2025 10:19 AM","6400_Kaltim is inviting you to a scheduled Zoom meeting.

Topic: Rapat Pilar Tata Laksana
Time: May 16, 2025 14:00 Singapore
Join Zoom Meeting
https://us06web.zoom.us/j/6400006402?pwd=bjFkMFVXSDBvNVFKUWQwbkZsSzRiUT09&omn=86458001362

Meeting ID: 640 000 6402
Passcode: bps64

","May 16, 2025",,Mengelola Zoom,Lengkap,Mei,,,,Done,,,IPJKD (https://www.notion.so/IPJKD-16f2318e3b728057b0a0f5ff0e21731c?pvs=21),2025
Input kegiatan di web sektoral,,"May 15, 2025 3:22 PM",bukti dukung tersedia,"May 16, 2025",,Kegiatan Lainnya,Lengkap,Mei,,,,Done,,,Sektoral (https://www.notion.so/Sektoral-16f2318e3b728043936ff61256aeb3c6?pvs=21),2025
Zoom briefing manajer kelas dan LP Pleatihan Inda Lapangan Wilkerstat SE2026,,"May 16, 2025 2:20 PM",,"May 16, 2025",,Mengikuti rapat/sosialisasi/pelatihan,Lengkap,Mei,,,,Done,,,IPJKD (https://www.notion.so/IPJKD-16f2318e3b728057b0a0f5ff0e21731c?pvs=21),2025
"[Zoom-IPDS] Pembukaan pelatihan wilkerstat lapangan ",,"May 19, 2025 8:08 AM","6400_Kaltim is inviting you to a scheduled Zoom meeting.

Topic: Pelatihan Inda Lapangan Wilkerstat Kaltim-Kaltara 2025
Time: May 22, 2025 08:30 Singapore
Join Zoom Meeting
https://us06web.zoom.us/j/6400006402?pwd=WLJXIwP77vuImJC8a4YKuNqXhsuVbZ.1&omn=82872173040

Meeting ID: 640 000 6402
Passcode: wilkerstat

","May 22, 2025",,Mengelola Zoom,Lengkap,Mei,,,,Done,,,IPJKD (https://www.notion.so/IPJKD-16f2318e3b728057b0a0f5ff0e21731c?pvs=21),2025
"[Zoom-IPDS] Pelatihan wilkerstat lapangan ",,"May 19, 2025 8:10 AM","6400_Kaltim is inviting you to a scheduled Zoom meeting.

Topic: Pelatihan Inda Lapangan Wilkerstat Kaltim-Kaltara 2025
Time: May 22, 2025 08:30 Singapore
Join Zoom Meeting
https://us06web.zoom.us/j/6400006402?pwd=WLJXIwP77vuImJC8a4YKuNqXhsuVbZ.1&omn=82872173040

Meeting ID: 640 000 6402
Passcode: wilkerstat

","May 26, 2025 → May 28, 2025",,Mengelola Zoom,Lengkap,Mei,,,,Done,,,IPJKD (https://www.notion.so/IPJKD-16f2318e3b728057b0a0f5ff0e21731c?pvs=21),2025
Input RK di web sektoral,,"May 19, 2025 8:15 AM",Bukti dukung tersedia,"May 19, 2025 → May 21, 2025",,Kegiatan Lainnya,Lengkap,Mei,,,,Done,,,Sektoral (https://www.notion.so/Sektoral-16f2318e3b728043936ff61256aeb3c6?pvs=21),2025
Buat monitoring rekrutmen tambahan mitra wilkerstat 2025,,"May 19, 2025 10:18 AM","bisa dibuka di : https://docs.google.com/spreadsheets/d/10CRFAkAYWvMrpFgu_m2HNRa4rN5kzHCePsSVoKhe4Gk/edit?usp=sharing ","May 19, 2025",,Manajemen Mitra,Lengkap,Mei,,,High,Done,,,IPJKD (https://www.notion.so/IPJKD-16f2318e3b728057b0a0f5ff0e21731c?pvs=21),2025
Rapat aplikasi big datanya pak ysuuf,,"May 19, 2025 10:20 AM",,"May 19, 2025",,Aplikasi Kantor,Lengkap,Mei,,,,Done,,,RB dan Inovasi (https://www.notion.so/RB-dan-Inovasi-16f2318e3b72804f80dcdfc48445c75b?pvs=21),2025
"Kasih role user reviewer di bestari yg belum dijadiin reviewer ",,"May 19, 2025 10:27 AM",Bukti dukung tersedia,"May 19, 2025 → May 20, 2025",,Bestari,Lengkap,Mei,,,Medium,Done,,,RB dan Inovasi (https://www.notion.so/RB-dan-Inovasi-16f2318e3b72804f80dcdfc48445c75b?pvs=21),2025
Ngecek romantik,,"May 19, 2025 10:31 AM",Bukti dukung tersedia,"May 19, 2025 → May 22, 2025",,Metadata dan Romantik,Lengkap,Mei,,,,Done,,,Sektoral (https://www.notion.so/Sektoral-16f2318e3b728043936ff61256aeb3c6?pvs=21),2025
[Zoom-IPDS] Rapat pembahasan tindak lanjut GASING pak yusuf ke kabkot,,"May 20, 2025 10:25 AM","6400_Kaltim is inviting you to a scheduled Zoom meeting.

Topic: Pelatihan Inda Lapangan Wilkerstat Kaltim-Kaltara 2025
Time: May 22, 2025 08:30 Singapore
Join Zoom Meeting
https://us06web.zoom.us/j/6400006402?pwd=WLJXIwP77vuImJC8a4YKuNqXhsuVbZ.1&omn=82872173040

Meeting ID: 640 000 6402
Passcode: wilkerstat

","May 21, 2025",,Mengelola Zoom,Lengkap,Mei,,,,Done,,,IPJKD (https://www.notion.so/IPJKD-16f2318e3b728057b0a0f5ff0e21731c?pvs=21),2025
Pra forum satu data,,"May 21, 2025 8:22 AM","Bukti dukung tersedia. ","May 20, 2025 → May 21, 2025",,Metadata dan Romantik,Lengkap,Mei,,,,Done,,,Sektoral (https://www.notion.so/Sektoral-16f2318e3b728043936ff61256aeb3c6?pvs=21),2025
Rapat tindak lanjut GASING,,"May 21, 2025 8:24 AM",https://linktr.ee/GasingData64,"May 21, 2025",,SE2026,Lengkap,Mei,,,,Done,,,IPJKD (https://www.notion.so/IPJKD-16f2318e3b728057b0a0f5ff0e21731c?pvs=21),2025
Revisi form SBO Kaltim,,"May 22, 2025 8:56 AM",Bukti dukung tersedia,"May 22, 2025 → May 23, 2025",,Kegiatan Lainnya,Lengkap,Mei,,,,Done,,,RB dan Inovasi (https://www.notion.so/RB-dan-Inovasi-16f2318e3b72804f80dcdfc48445c75b?pvs=21),2025
[Zoom-alinea] Coach Me Program,,"May 22, 2025 9:38 AM","6400_Kaltim is inviting you to a scheduled Zoom meeting.

Topic: Rapat Desa Cantik
Time: May 22, 2025 14:00 Singapore
Join Zoom Meeting
https://us06web.zoom.us/j/6400006402?pwd=62bI4Lf99FhfIF7aqdgv1UcQlzXZBn.1&omn=84015134854

Meeting ID: 640 000 6402
Passcode: bps64

Host: ivander","May 23, 2025",,Mengelola Zoom,Lengkap,Mei,,,,Done,,,IPJKD (https://www.notion.so/IPJKD-16f2318e3b728057b0a0f5ff0e21731c?pvs=21),2025
[Zoom-Sosial] Rapat desa cantik,,"May 22, 2025 9:38 AM","6400_Kaltim is inviting you to a scheduled Zoom meeting.

Topic: Rapat Desa Cantik
Time: May 22, 2025 14:00 Singapore
Join Zoom Meeting
https://us06web.zoom.us/j/6400006402?pwd=62bI4Lf99FhfIF7aqdgv1UcQlzXZBn.1&omn=84015134854

Meeting ID: 640 000 6402
Passcode: bps64","May 22, 2025",,Mengelola Zoom,Lengkap,Mei,,,,Done,,,IPJKD (https://www.notion.so/IPJKD-16f2318e3b728057b0a0f5ff0e21731c?pvs=21),2025
Rapat ISO,,"May 23, 2025 9:06 AM",Lengkap,"May 22, 2025",,Kegiatan Lainnya,Lengkap,Mei,,,,Done,,,ISO PEKPPPP (https://www.notion.so/ISO-PEKPPPP-1842318e3b728029ba5fcb1d2ad6c26d?pvs=21),2025
Rapat sektoral,,"May 23, 2025 9:12 AM",Lengkap,"May 22, 2025",,Metadata dan Romantik,Lengkap,Mei,,,,Done,,,Sektoral (https://www.notion.so/Sektoral-16f2318e3b728043936ff61256aeb3c6?pvs=21),2025
"Kerjakan dokumen ISO (lihat di pembagian tugas) ",,"May 23, 2025 9:17 AM",,"June 10, 2025 → June 11, 2025",,Kegiatan Lainnya,Lengkap,Juni,,,High,Done,,,ISO PEKPPPP (https://www.notion.so/ISO-PEKPPPP-1842318e3b728029ba5fcb1d2ad6c26d?pvs=21),2025
Coaching statistik sektoral,,"May 27, 2025 9:58 AM","bukti dukung tersedia ","May 26, 2025 → May 28, 2025",,Metadata dan Romantik,Lengkap,Mei,,,,Done,,,Sektoral (https://www.notion.so/Sektoral-16f2318e3b728043936ff61256aeb3c6?pvs=21),2025
"Mengikuti zoom admin supas ",,"May 27, 2025 10:03 AM",Bukti dukung tersedia,"May 27, 2025",,SUPAS,Lengkap,Mei,,,,Done,,,IPJKD (https://www.notion.so/IPJKD-16f2318e3b728057b0a0f5ff0e21731c?pvs=21),2025
Buat CKP 2025,,"June 2, 2025 8:38 AM",,"June 2, 2025",,,Lengkap,Juni,,,,Done,,,,2025
Upload Kegiatan di webmon sektoral,,"June 2, 2025 8:38 AM",ada bukti dukung,"June 2, 2025 → June 3, 2025",,Kegiatan Lainnya,Lengkap,Juni,,,,Done,,,Sektoral (https://www.notion.so/Sektoral-16f2318e3b728043936ff61256aeb3c6?pvs=21),2025
Monitoring Bestari dan membuat screenshot per tahapan,,"June 2, 2025 8:38 AM",,"June 2, 2025 → June 5, 2025",,Bestari,Lengkap,Juni,,,,Done,,,RB dan Inovasi (https://www.notion.so/RB-dan-Inovasi-16f2318e3b72804f80dcdfc48445c75b?pvs=21),2025
Upload surat rekomendasi di romantik,,"June 2, 2025 8:53 AM",bukti dukung tersedia,"June 2, 2025",,Metadata dan Romantik,Lengkap,Juni,,,,Done,,,Sektoral (https://www.notion.so/Sektoral-16f2318e3b728043936ff61256aeb3c6?pvs=21),2025
[Zoom-distribusi] Rekonda IKK,,"June 2, 2025 9:57 AM","Kasie IPD BPS Provinsi Kalimantan Timur is inviting you to a scheduled Zoom meeting.

Topic: [Zoom-distribusi] Rekonda IKK
Time: Jun 10, 2025 10:30 Singapore
Join Zoom Meeting
https://us06web.zoom.us/j/6400006401?pwd=vbbrDhb5Fq9jCKJhNG0xZagT5bvFg7.1&omn=83169514806

Meeting ID: 640 000 6401
Passcode: bps6400

","June 10, 2025 → June 11, 2025",,Mengelola Zoom,Lengkap,Juni,,,,Done,,,IPJKD (https://www.notion.so/IPJKD-16f2318e3b728057b0a0f5ff0e21731c?pvs=21),2025
SICAKA KENAPA?? gak bisa ubah satuan,,"June 2, 2025 3:44 PM",,,,Aplikasi Kantor,Lengkap,,,,,Done,,,IPJKD (https://www.notion.so/IPJKD-16f2318e3b728057b0a0f5ff0e21731c?pvs=21),2025
"Coaching Sektoral  ",,"June 3, 2025 9:34 AM",1,"June 3, 2025 → June 5, 2025",,Metadata dan Romantik,Lengkap,Juni,,,,Done,,,Sektoral (https://www.notion.so/Sektoral-16f2318e3b728043936ff61256aeb3c6?pvs=21),2025
Melengkapi kelengkapan pelatihan wilkerstat inda lapangan 2025,,"June 3, 2025 9:39 AM",https://drive.google.com/open?id=15IjKxnTsuGirFLcSjy2qoMJrK31pz2UP&usp=drive_fs,"June 3, 2025 → June 5, 2025",,Wilkerstat,Lengkap,Juni,,,,Done,,,IPJKD (https://www.notion.so/IPJKD-16f2318e3b728057b0a0f5ff0e21731c?pvs=21),2025
"Edit response SBO (pindahkan nama ke kako yang benar) → kirim ke grup ",,"June 3, 2025 9:47 AM",,"June 3, 2025 → June 4, 2025",,Kegiatan Lainnya,Lengkap,Juni,,,,Done,,,RB dan Inovasi (https://www.notion.so/RB-dan-Inovasi-16f2318e3b72804f80dcdfc48445c75b?pvs=21),2025
Operator di vicon,,"June 4, 2025 12:59 PM",,"June 4, 2025",,,Lengkap,Juni,,,,Done,,,,2025
Pelatihan MBG,,"June 10, 2025 7:37 AM","Link materi: ","June 11, 2025 → June 13, 2025",,Mengikuti rapat/sosialisasi/pelatihan,Lengkap,Juni,,,,Done,,,IPJKD (https://www.notion.so/IPJKD-16f2318e3b728057b0a0f5ff0e21731c?pvs=21),2025
Tot Sektoral,,"June 10, 2025 7:43 AM",bukti dukung di bawah,"June 16, 2025 → June 20, 2025",,Mengikuti rapat/sosialisasi/pelatihan,Lengkap,Juni,,,,Done,,,Sektoral (https://www.notion.so/Sektoral-16f2318e3b728043936ff61256aeb3c6?pvs=21),2025
Tot Sektoral,,"June 10, 2025 7:43 AM",dokumentasi tersedia,"June 23, 2025",,Mengikuti rapat/sosialisasi/pelatihan,Lengkap,Juni,,,,Done,,,Sektoral (https://www.notion.so/Sektoral-16f2318e3b728043936ff61256aeb3c6?pvs=21),2025
Pemeriksaan romantik,,"June 10, 2025 7:44 AM","bukti dukung tersedia ","June 10, 2025 → June 11, 2025",,Metadata dan Romantik,Lengkap,Juni,,,,Done,,,Sektoral (https://www.notion.so/Sektoral-16f2318e3b728043936ff61256aeb3c6?pvs=21),2025
[Zoom-Neraca] Pelatihan MBG,,"June 10, 2025 8:33 AM","6400_Kaltim is inviting you to a scheduled Zoom meeting.

Topic: Pelatihan MBG
Time: Jun 11, 2025 08:30 Singapore
Join Zoom Meeting
https://us06web.zoom.us/j/6400006402?pwd=62bI4Lf99FhfIF7aqdgv1UcQlzXZBn.1&omn=82612628105

Meeting ID: 640 000 6402
Passcode: bps64

","June 11, 2025 → June 12, 2025",,Mengelola Zoom,Lengkap,Juni,,,,Done,,,,2025
Tot Sektoral,,"June 12, 2025 12:23 PM",,"June 11, 2025 → June 13, 2025",,Mengikuti rapat/sosialisasi/pelatihan,Lengkap,Juni,,,,Done,,,Sektoral (https://www.notion.so/Sektoral-16f2318e3b728043936ff61256aeb3c6?pvs=21),2025
"Penawaran mitra MBG ",,"June 13, 2025 11:27 AM",ada bukti dukung,"June 13, 2025",,Manajemen Mitra,Lengkap,Juni,,,,Done,,,IPJKD (https://www.notion.so/IPJKD-16f2318e3b728057b0a0f5ff0e21731c?pvs=21),2025
Penerbitan rekomendasi statistik,,"June 16, 2025 7:41 AM",screenshot,"June 16, 2025 → June 17, 2025",,Metadata dan Romantik,Lengkap,Juni,,,,Done,,,Sektoral (https://www.notion.so/Sektoral-16f2318e3b728043936ff61256aeb3c6?pvs=21),2025
"Penerbitan Bestari ",,"June 16, 2025 7:41 AM","dokumentasi di bawah ","June 23, 2025 → June 30, 2025",,Bestari,Lengkap,Juni,,,,Done,,,RB dan Inovasi (https://www.notion.so/RB-dan-Inovasi-16f2318e3b72804f80dcdfc48445c75b?pvs=21),2025
[Zoom-DLS] Rapat hasil pekkppp,,"June 17, 2025 9:39 AM","https://us06web.zoom.us/j/6400006401?pwd=vbbrDhb5Fq9jCKJhNG0xZagT5bvFg7.1&omn=83727768331

Meeting ID: 640 000 6401
Passcode: bps6400","June 18, 2025",,Mengelola Zoom,Lengkap,Juni,,,,Done,,,IPJKD (https://www.notion.so/IPJKD-16f2318e3b728057b0a0f5ff0e21731c?pvs=21),2025
[Zoom-Umum] Pembinaan PIPK,,"June 17, 2025 9:39 AM","6400_Kaltim is inviting you to a scheduled Zoom meeting.

Join Zoom Meeting
https://us06web.zoom.us/j/6400006402?pwd=62bI4Lf99FhfIF7aqdgv1UcQlzXZBn.1&omn=82612628105

Meeting ID: 640 000 6402
Passcode: bps64","June 18, 2025",,Mengelola Zoom,Lengkap,Juni,,,,Done,,,IPJKD (https://www.notion.so/IPJKD-16f2318e3b728057b0a0f5ff0e21731c?pvs=21),2025
Pelatihan Innas Sakernas,,"June 17, 2025 9:41 AM",,"July 2, 2025 → July 4, 2025",,Sakernas,Lengkap,Juli,,,,Done,,,IPJKD (https://www.notion.so/IPJKD-16f2318e3b728057b0a0f5ff0e21731c?pvs=21),2025
Pelatihan innas sakernas,,"June 17, 2025 10:56 AM",,"July 7, 2025 → July 10, 2025",,Sakernas,Lengkap,Juli,,,,Done,,,IPJKD (https://www.notion.so/IPJKD-16f2318e3b728057b0a0f5ff0e21731c?pvs=21),2025
"[Zoom Produksi] ",,"June 23, 2025 8:38 AM","Kasie IPD BPS Provinsi Kalimantan Timur is inviting you to a scheduled Zoom meeting.

Topic: Briefing Petugas Updating DPP 2025
Time: Jun 30, 2025 08:30 Singapore
Join Zoom Meeting
https://us06web.zoom.us/j/6400006401?pwd=vbbrDhb5Fq9jCKJhNG0xZagT5bvFg7.1&omn=88513035696

Meeting ID: 640 000 6401
Passcode: bps6400","June 30, 2025",,Mengelola Zoom,Lengkap,Juni,,,,Done,,,,2025
Mengelola manajemen mitra PPIKN,,"June 23, 2025 11:51 AM",,"June 21, 2025 → June 23, 2025",,Manajemen Mitra,Lengkap,Juni,,,,Done,,,IPJKD (https://www.notion.so/IPJKD-16f2318e3b728057b0a0f5ff0e21731c?pvs=21),2025
Ngecek dokumen ISO,,"June 23, 2025 2:45 PM",,"June 23, 2025",,Kegiatan Lainnya,Lengkap,Juni,,,,Done,,,ISO PEKPPPP (https://www.notion.so/ISO-PEKPPPP-1842318e3b728029ba5fcb1d2ad6c26d?pvs=21),2025
Melengkapi kegiatan di webappps sektoral,,"June 24, 2025 11:41 AM","screenshot di bawah ","June 24, 2025",,Kegiatan Lainnya,Lengkap,Juni,,,,Done,,,Sektoral (https://www.notion.so/Sektoral-16f2318e3b728043936ff61256aeb3c6?pvs=21),2025
Kerjaan sektoral,,"June 25, 2025 9:29 AM",,"June 25, 2025",,,Lengkap,Juni,,,,Done,,,,2025
Audit internal ISO,,"June 30, 2025 3:29 PM",ada bukti dukung,"June 26, 2025",,Mengikuti rapat/sosialisasi/pelatihan,Lengkap,Juni,,,,Done,,,ISO PEKPPPP (https://www.notion.so/ISO-PEKPPPP-1842318e3b728029ba5fcb1d2ad6c26d?pvs=21),2025
Rapat monev mandiri sektoral,,"June 30, 2025 3:30 PM",bukti bisa diakses pada: https://drive.google.com/open?id=16n2V-IoXkRR8kp68cI6s0-kiUOdUIRjy&usp=drive_fs,"June 26, 2025",,Mengikuti rapat/sosialisasi/pelatihan,Lengkap,Juni,,,,Done,,,Sektoral (https://www.notion.so/Sektoral-16f2318e3b728043936ff61256aeb3c6?pvs=21),2025
Menyiapkan ruangan untuk asesmen madya,,"June 30, 2025 3:38 PM",,"June 25, 2025 → June 26, 2025",,Kegiatan Lainnya,Lengkap,Juni,,,,Done,,,IPJKD (https://www.notion.so/IPJKD-16f2318e3b728057b0a0f5ff0e21731c?pvs=21),2025
Mengikuti zoom briefing asesmen madya,,"June 30, 2025 3:39 PM",bukti di bawah,"June 24, 2025",,Mengikuti rapat/sosialisasi/pelatihan,Lengkap,Juni,,,,Done,,,IPJKD (https://www.notion.so/IPJKD-16f2318e3b728057b0a0f5ff0e21731c?pvs=21),2025
Penerbitan BESTARI,,"July 1, 2025 3:24 PM","bukti ada ","July 1, 2025",,Bestari,Lengkap,Juli,,,,Done,,,RB dan Inovasi (https://www.notion.so/RB-dan-Inovasi-16f2318e3b72804f80dcdfc48445c75b?pvs=21),2025
"Rapat BESTARI ",,"July 4, 2025 2:57 PM",,"July 4, 2025",,Bestari,Lengkap,Juli,,,,Done,,,RB dan Inovasi (https://www.notion.so/RB-dan-Inovasi-16f2318e3b72804f80dcdfc48445c75b?pvs=21),2025
"Rapat FRA ",,"July 9, 2025 8:11 AM",,"July 9, 2025",,Mengikuti rapat/sosialisasi/pelatihan,Lengkap,Juli,,,,Done,,,Sektoral (https://www.notion.so/Sektoral-16f2318e3b728043936ff61256aeb3c6?pvs=21),2025
[Zoom sosial] Rapat desa cantik,,"July 9, 2025 10:18 AM","akun kasieipd ","July 10, 2025",,Mengelola Zoom,Lengkap,Juli,,,,Done,,,IPJKD (https://www.notion.so/IPJKD-16f2318e3b728057b0a0f5ff0e21731c?pvs=21),2025
[Zoom umum] sharing dengan DJPb,,"July 9, 2025 10:22 AM",akun bps6400 host arina,"July 10, 2025",,Mengelola Zoom,Lengkap,Juli,,,,Done,,,IPJKD (https://www.notion.so/IPJKD-16f2318e3b728057b0a0f5ff0e21731c?pvs=21),2025
Menjadi operator dan menyiapkan peralatan untuk rapat FRA Seluruh Pegawai,,"July 11, 2025 9:02 AM",,"July 11, 2025",,Mengikuti rapat/sosialisasi/pelatihan,Lengkap,Juli,,,,Done,,,Lainnya (https://www.notion.so/Lainnya-17e2318e3b728083bf66c403999d1de6?pvs=21),2025
Membuat poster bestari edisi juni 2025,,"July 11, 2025 10:06 AM",,"July 11, 2025",,Bestari,Lengkap,Juli,,,,Done,,,RB dan Inovasi (https://www.notion.so/RB-dan-Inovasi-16f2318e3b72804f80dcdfc48445c75b?pvs=21),2025
Membuat query supas,,"July 11, 2025 10:08 AM",,"July 10, 2025 → July 11, 2025",,SUPAS,Lengkap,Juli,,,,Done,,,IPJKD (https://www.notion.so/IPJKD-16f2318e3b728057b0a0f5ff0e21731c?pvs=21),2025
"Membuat flowchart SOP alur pengajuan Romantik ",,"July 14, 2025 10:19 AM",lengkap,"July 14, 2025 → July 16, 2025",,Kegiatan Lainnya,Lengkap,Juli,,,,Done,,,Sektoral (https://www.notion.so/Sektoral-16f2318e3b728043936ff61256aeb3c6?pvs=21),2025
Membuat poster rilis bestari edisi juni 2025,,"July 14, 2025 10:21 AM",done,"July 14, 2025",,Bestari,Lengkap,Juli,,,,Done,,,RB dan Inovasi (https://www.notion.so/RB-dan-Inovasi-16f2318e3b72804f80dcdfc48445c75b?pvs=21),2025
"Mengikuti RTM ISO  ",,"July 14, 2025 10:21 AM",,"July 14, 2025",,Mengikuti rapat/sosialisasi/pelatihan,Lengkap,Juli,,,,Done,,,ISO PEKPPPP (https://www.notion.so/ISO-PEKPPPP-1842318e3b728029ba5fcb1d2ad6c26d?pvs=21),2025
Mengajar pelatihan inda sakernas Agustus 2025,,"July 14, 2025 10:22 AM","pakai akun kasieipd ","July 21, 2025 → July 24, 2025",,"Mengelola Zoom, Menjadi Pengajar, Sakernas",Lengkap,Juli,,,,Done,,,IPJKD (https://www.notion.so/IPJKD-16f2318e3b728057b0a0f5ff0e21731c?pvs=21),2025
"Melakukan maintenance sipadu ",,"July 15, 2025 10:25 AM",Done!,"July 14, 2025 → July 15, 2025",,Aplikasi Kantor,Lengkap,Juli,,,,Done,,,IPJKD (https://www.notion.so/IPJKD-16f2318e3b728057b0a0f5ff0e21731c?pvs=21),2025
[Zoom sosial] Briefing task force ppikn,,"July 16, 2025 7:46 AM",,"July 16, 2025",,Mengelola Zoom,Lengkap,Juli,,,,Done,,,IPJKD (https://www.notion.so/IPJKD-16f2318e3b728057b0a0f5ff0e21731c?pvs=21),2025
[Zoom sosial] Sosialisasi Pendataan Mandiri PPIKN 2025,,"July 16, 2025 7:46 AM",pakai email kasiei[d,"July 18, 2025",,Mengelola Zoom,Lengkap,Juli,,,,Done,,,IPJKD (https://www.notion.so/IPJKD-16f2318e3b728057b0a0f5ff0e21731c?pvs=21),2025
Running query podes,,"July 16, 2025 8:15 AM",,"July 16, 2025",,SUPAS,Lengkap,Juli,,,,Done,,,IPJKD (https://www.notion.so/IPJKD-16f2318e3b728057b0a0f5ff0e21731c?pvs=21),2025
"Audit eksternal ISO ",,"July 16, 2025 8:15 AM",,"July 23, 2025 → July 24, 2025",,Kegiatan Lainnya,Lengkap,Juli,,,,Done,,,ISO PEKPPPP (https://www.notion.so/ISO-PEKPPPP-1842318e3b728029ba5fcb1d2ad6c26d?pvs=21),2025
"Menyelesaikan rekomendasi terbit ",,"July 17, 2025 8:06 AM",,"July 17, 2025",,Metadata dan Romantik,Lengkap,Juli,,,,Done,,,Sektoral (https://www.notion.so/Sektoral-16f2318e3b728043936ff61256aeb3c6?pvs=21),2025
Task force PPIKN 2025,,"July 25, 2025 10:08 AM",,"July 24, 2025 → July 26, 2025",,Kegiatan Lainnya,Lengkap,Juli,,,,Done,,,IPJKD (https://www.notion.so/IPJKD-16f2318e3b728057b0a0f5ff0e21731c?pvs=21),2025
Mengelola LMS untuk alinea#7,,"July 25, 2025 10:09 AM",,"July 24, 2025",,Aplikasi Kantor,Lengkap,Juli,,,,Done,,,IPJKD (https://www.notion.so/IPJKD-16f2318e3b728057b0a0f5ff0e21731c?pvs=21),2025
Query supas,,"July 25, 2025 3:51 PM",,"July 25, 2025",,,Lengkap,Juli,,,,Done,,,,2025
"Running query supas ",,"July 28, 2025 8:10 AM",,"July 28, 2025",,,Lengkap,Juli,,,,Done,,,IPJKD (https://www.notion.so/IPJKD-16f2318e3b728057b0a0f5ff0e21731c?pvs=21),2025
"Buat laporan RB SBO ",,"July 28, 2025 8:12 AM",,"July 28, 2025 → July 31, 2025",,Kegiatan Lainnya,Lengkap,Juli,,,,Done,,,RB dan Inovasi (https://www.notion.so/RB-dan-Inovasi-16f2318e3b72804f80dcdfc48445c75b?pvs=21),2025
"Melakukan penawaran Mitra MBG Baseline di manajemen mitra ",,"July 28, 2025 3:24 PM",,"July 28, 2025",,Manajemen Mitra,Lengkap,Juli,,,,Done,,,Lainnya (https://www.notion.so/Lainnya-17e2318e3b728083bf66c403999d1de6?pvs=21),2025
[Zoom DWP] Pengukuhan DW se Kaltim,,"July 28, 2025 3:49 PM","Kasie IPD BPS Provinsi Kalimantan Timur is inviting you to a scheduled Zoom meeting.

Topic: Pengukuhan DW se Kaltim
Time: Jul 30, 2025 16:00 Singapore
Join Zoom Meeting
https://us06web.zoom.us/j/6400006401?pwd=vbbrDhb5Fq9jCKJhNG0xZagT5bvFg7.1&omn=89625844011

Meeting ID: 640 000 6401
Passcode: bps6400

","July 30, 2025",,Mengelola Zoom,Lengkap,Juli,,,,Done,,,IPJKD (https://www.notion.so/IPJKD-16f2318e3b728057b0a0f5ff0e21731c?pvs=21),2025
[Zoom umum] rakor dg kbkota madya n katim,,"July 28, 2025 4:12 PM","pakai akun kasieidpd6400 ","July 29, 2025",,Mengelola Zoom,Lengkap,Juli,,,,Done,,,,2025
"Menyiapkan peralatan untuk zoom Pengukuhan ketua DWP Kako di ruang sigma  ",,"July 31, 2025 8:20 AM",,"July 29, 2025 → July 30, 2025",,Kegiatan Lainnya,Lengkap,Juli,,,,Done,,,IPJKD (https://www.notion.so/IPJKD-16f2318e3b728057b0a0f5ff0e21731c?pvs=21),2025
Membuat kipapp,,"July 31, 2025 9:40 AM",,"July 31, 2025",,,Lengkap,Juli,,,,Done,,,,2025
Buat laporan innas sakernas,,"July 31, 2025 9:43 AM",,"July 31, 2025",,Sakernas,Lengkap,Juli,,,,Done,,,IPJKD (https://www.notion.so/IPJKD-16f2318e3b728057b0a0f5ff0e21731c?pvs=21),2025
"Laporan SBO RB Kota Samarinda ",,"August 1, 2025 9:03 AM",,"August 1, 2025",,Kegiatan Lainnya,Lengkap,Agustus,,,,Done,,,RB dan Inovasi (https://www.notion.so/RB-dan-Inovasi-16f2318e3b72804f80dcdfc48445c75b?pvs=21),2025
"Membuat surat turunan evaluasi sistem manajemen mitra ",,"August 1, 2025 9:03 AM",,"August 1, 2025",,Manajemen Mitra,Lengkap,Agustus,,,,Done,,,IPJKD (https://www.notion.so/IPJKD-16f2318e3b728057b0a0f5ff0e21731c?pvs=21),2025
Buat Laporan RB SBO Samarinda,,"August 5, 2025 8:19 AM",,"August 4, 2025",,Kegiatan Lainnya,Lengkap,Agustus,,,,Done,,,RB dan Inovasi (https://www.notion.so/RB-dan-Inovasi-16f2318e3b72804f80dcdfc48445c75b?pvs=21),2025
Running Query SUPAS & Benerin Query PPIKN,,"August 5, 2025 8:20 AM",,"August 4, 2025 → August 5, 2025",,SUPAS,Lengkap,Agustus,,,,Done,,,IPJKD (https://www.notion.so/IPJKD-16f2318e3b728057b0a0f5ff0e21731c?pvs=21),2025
Finishing Laporan RB SBO Samarinda,,"August 5, 2025 8:20 AM",,"August 5, 2025",,Kegiatan Lainnya,Lengkap,Agustus,,,,Done,,,RB dan Inovasi (https://www.notion.so/RB-dan-Inovasi-16f2318e3b72804f80dcdfc48445c75b?pvs=21),2025
[Zoom-sosial] internalisasi DTSEN,,"August 5, 2025 9:43 AM","Kasie IPD BPS Provinsi Kalimantan Timur is inviting you to a scheduled Zoom meeting.

Topic: internalisasi DTSEN
Time: Aug 6, 2025 14:00 Singapore
Join Zoom Meeting
https://us06web.zoom.us/j/6400006401?pwd=vbbrDhb5Fq9jCKJhNG0xZagT5bvFg7.1&omn=87136883628

Meeting ID: 640 000 6401
Passcode: bps6400

","August 6, 2025",,Mengelola Zoom,Lengkap,Agustus,,,,Done,,,IPJKD (https://www.notion.so/IPJKD-16f2318e3b728057b0a0f5ff0e21731c?pvs=21),2025
Rekrutmen mitra tambahan 2025,,"August 5, 2025 3:50 PM",,"August 5, 2025",,Manajemen Mitra,Lengkap,Agustus,,,,Done,,,IPJKD (https://www.notion.so/IPJKD-16f2318e3b728057b0a0f5ff0e21731c?pvs=21),2025
Selesaikan RB SBO beneran!,,"August 6, 2025 7:41 AM",,"August 7, 2025",,Kegiatan Lainnya,Lengkap,Agustus,,,,Done,,,RB dan Inovasi (https://www.notion.so/RB-dan-Inovasi-16f2318e3b72804f80dcdfc48445c75b?pvs=21),2025
Pemeriksaan Romantik,,"August 6, 2025 7:43 AM",,"August 6, 2025 → August 7, 2025",,Metadata dan Romantik,Lengkap,Agustus,,,,Done,,,Sektoral (https://www.notion.so/Sektoral-16f2318e3b728043936ff61256aeb3c6?pvs=21),2025
Buat surat pengantar UDPE,,"August 6, 2025 7:43 AM",,"August 7, 2025 → August 8, 2025",,Kegiatan Lainnya,Lengkap,Agustus,,,,Done,,,IPJKD (https://www.notion.so/IPJKD-16f2318e3b728057b0a0f5ff0e21731c?pvs=21),2025
Hari terakhir upload surat keputusan perubahan SK mitra statistik provinsi,,"August 6, 2025 8:05 AM",,"August 20, 2025",,Manajemen Mitra,Lengkap,Agustus,,,,Done,,,IPJKD (https://www.notion.so/IPJKD-16f2318e3b728057b0a0f5ff0e21731c?pvs=21),2025
"[Zoom Neraca] Rekon ",,"August 6, 2025 8:06 AM",,"August 6, 2025 → August 8, 2025",,Mengelola Zoom,Lengkap,Agustus,,,,Done,,,IPJKD (https://www.notion.so/IPJKD-16f2318e3b728057b0a0f5ff0e21731c?pvs=21),2025
[Zoom Neraca] Rekon (1),,"August 6, 2025 8:07 AM",,"August 11, 2025 → August 15, 2025",,Mengelola Zoom,Lengkap,Agustus,,,,Done,,,IPJKD (https://www.notion.so/IPJKD-16f2318e3b728057b0a0f5ff0e21731c?pvs=21),2025
[Zoom Neraca] Rekon (2),,"August 6, 2025 8:07 AM",,"August 18, 2025 → August 20, 2025",,Mengelola Zoom,Lengkap,Agustus,,,,Done,,,IPJKD (https://www.notion.so/IPJKD-16f2318e3b728057b0a0f5ff0e21731c?pvs=21),2025
"Rapat Sektoral ",,"August 6, 2025 11:24 AM",,"August 6, 2025",,Metadata dan Romantik,Lengkap,Agustus,,,,Done,,,Sektoral (https://www.notion.so/Sektoral-16f2318e3b728043936ff61256aeb3c6?pvs=21),2025
Pengawasan Lapangan Wilkerstat di Kukar,,"August 7, 2025 3:22 PM",,"August 13, 2025 → August 14, 2025",,Wilkerstat,Lengkap,Agustus,,,,Done,,,IPJKD (https://www.notion.so/IPJKD-16f2318e3b728057b0a0f5ff0e21731c?pvs=21),2025
Assign admin kako sakernas,,"August 7, 2025 9:24 PM",,"August 8, 2025",,Sakernas,Lengkap,Agustus,,,,Done,,,IPJKD (https://www.notion.so/IPJKD-16f2318e3b728057b0a0f5ff0e21731c?pvs=21),2025
"[Zoom distribusi ipds] Rapat evaluasi SE dan refreshing wilkerstat ",,"August 10, 2025 10:53 AM","6400_Kaltim is inviting you to a scheduled Zoom meeting.
Join Zoom Meetinghttps://us06web.zoom.us/j/6400006402?pwd=62bI4Lf99FhfIF7aqdgv1UcQlzXZBn.1&omn=82612628105
Meeting ID: 640 000 6402Passcode: bps64","August 11, 2025",,Mengelola Zoom,Lengkap,Agustus,,,,Done,,,IPJKD (https://www.notion.so/IPJKD-16f2318e3b728057b0a0f5ff0e21731c?pvs=21),2025
[Zoom mas ardi] Wawancara IST tahap 2,,"August 11, 2025 10:22 AM","6400_Kaltim is inviting you to a scheduled Zoom meeting.

Join Zoom Meeting
https://us06web.zoom.us/j/6400006402?pwd=62bI4Lf99FhfIF7aqdgv1UcQlzXZBn.1&omn=82612628105

Meeting ID: 640 000 6402
Passcode: bps64","August 12, 2025",,Mengelola Zoom,Lengkap,Agustus,,,,Done,,,IPJKD (https://www.notion.so/IPJKD-16f2318e3b728057b0a0f5ff0e21731c?pvs=21),2025
"Mengikuti rapat evaluasi persiapan SE2026 dan refreshing wilkerstat ",,"August 11, 2025 10:23 AM",,"August 11, 2025",,Mengikuti rapat/sosialisasi/pelatihan,Lengkap,Agustus,,,,Done,,,IPJKD (https://www.notion.so/IPJKD-16f2318e3b728057b0a0f5ff0e21731c?pvs=21),2025
Revisi laporan SBO Samarinda,,"August 11, 2025 2:49 PM",,"August 11, 2025",,Kegiatan Lainnya,Lengkap,Agustus,,,,Done,,,RB dan Inovasi (https://www.notion.so/RB-dan-Inovasi-16f2318e3b72804f80dcdfc48445c75b?pvs=21),2025
Pemeriksaan romantik,,"August 12, 2025 8:15 AM",,"August 12, 2025",,Metadata dan Romantik,Lengkap,Agustus,,,,Done,,,Sektoral (https://www.notion.so/Sektoral-16f2318e3b728043936ff61256aeb3c6?pvs=21),2025
Belajar buat supervisi wilkerstat besok!,,"August 12, 2025 8:22 AM",,"August 12, 2025",,Kegiatan Lainnya,Lengkap,Agustus,,,,Done,,,IPJKD (https://www.notion.so/IPJKD-16f2318e3b728057b0a0f5ff0e21731c?pvs=21),2025
"Penawaran mitra kepka ke Kegiatan Pendataan MBG ",,"August 12, 2025 8:53 AM",,"August 12, 2025",,,Lengkap,Agustus,,,,Done,,,IPJKD (https://www.notion.so/IPJKD-16f2318e3b728057b0a0f5ff0e21731c?pvs=21),2025
Buat lampiran manajemen mitra,,"August 19, 2025 8:03 AM",,"August 19, 2025",,Manajemen Mitra,Lengkap,Agustus,,,,Done,,,IPJKD (https://www.notion.so/IPJKD-16f2318e3b728057b0a0f5ff0e21731c?pvs=21),2025
Melengkapi penawaran petugas organik MBG baseline,,"August 19, 2025 8:05 AM",,"August 19, 2025",,Metadata dan Romantik,Lengkap,Agustus,,,,Done,,,IPJKD (https://www.notion.so/IPJKD-16f2318e3b728057b0a0f5ff0e21731c?pvs=21),2025
"Maintenance desa cantik ",,"August 19, 2025 8:07 AM",,"August 19, 2025 → August 22, 2025",,Aplikasi Kantor,Lengkap,Agustus,,,High,Done,,,IPJKD (https://www.notion.so/IPJKD-16f2318e3b728057b0a0f5ff0e21731c?pvs=21),2025
"Buat laporan supervisi wilkerstat kukar ",,"August 19, 2025 8:16 AM",,"August 19, 2025",,Wilkerstat,Lengkap,Agustus,,,,Done,,,IPJKD (https://www.notion.so/IPJKD-16f2318e3b728057b0a0f5ff0e21731c?pvs=21),2025
"Query semua raw data SUPAS ",,"August 19, 2025 8:17 AM",,"August 19, 2025",,SUPAS,Lengkap,Agustus,,,,Done,,,IPJKD (https://www.notion.so/IPJKD-16f2318e3b728057b0a0f5ff0e21731c?pvs=21),2025
Approval MBG Baseline admin provinsi,,"August 25, 2025 11:47 AM",,"August 25, 2025",,Kegiatan Lainnya,Lengkap,Agustus,,,,Done,,,IPJKD (https://www.notion.so/IPJKD-16f2318e3b728057b0a0f5ff0e21731c?pvs=21),2025
Running query ppikn,,"August 27, 2025 7:55 AM",,"August 26, 2025 → August 27, 2025",,Kegiatan Lainnya,Lengkap,Agustus,,,,Done,,,IPJKD (https://www.notion.so/IPJKD-16f2318e3b728057b0a0f5ff0e21731c?pvs=21),2025
Pendataan UDPE,,"August 27, 2025 7:56 AM",,"August 27, 2025 → August 29, 2025",,Kegiatan Lainnya,Lengkap,Agustus,,,,Done,,,IPJKD (https://www.notion.so/IPJKD-16f2318e3b728057b0a0f5ff0e21731c?pvs=21),2025
Buat template publikasi statda,,"August 27, 2025 7:56 AM",,"September 9, 2025 → September 11, 2025",,Kegiatan Lainnya,Lengkap,September,,,,Done,,,Lainnya (https://www.notion.so/Lainnya-17e2318e3b728083bf66c403999d1de6?pvs=21),2025
"[Zoom-Umum] Zoom mas ardi ",,"August 27, 2025 7:57 AM",pakai akun bps64,"August 28, 2025",,Mengelola Zoom,Lengkap,Agustus,,,,Done,,,,2025
"Approval MBG baseline ",,"August 28, 2025 3:07 PM",,"August 28, 2025 → August 31, 2025",,Kegiatan Lainnya,Lengkap,Agustus,,,,Done,,,IPJKD (https://www.notion.so/IPJKD-16f2318e3b728057b0a0f5ff0e21731c?pvs=21),2025
"Running query sakernas ",,"September 1, 2025 10:16 AM",,"September 1, 2025 → September 4, 2025",,Sakernas,Lengkap,September,,,,Done,,,IPJKD (https://www.notion.so/IPJKD-16f2318e3b728057b0a0f5ff0e21731c?pvs=21),2025
Mengecekin daftar indikatif dengan daftar data 2025,,"September 1, 2025 10:17 AM",,"September 1, 2025 → September 3, 2025",,Kegiatan Lainnya,Lengkap,September,,,,Done,,,Sektoral (https://www.notion.so/Sektoral-16f2318e3b728043936ff61256aeb3c6?pvs=21),2025
"Running query anomali PPIKN ",,"September 3, 2025 12:08 PM",,"September 3, 2025 → September 4, 2025",,Kegiatan Lainnya,Lengkap,September,,,,Done,,,IPJKD (https://www.notion.so/IPJKD-16f2318e3b728057b0a0f5ff0e21731c?pvs=21),2025
Harmonifest HSN 2025,,"September 4, 2025 9:43 AM",,"September 19, 2025",,Kegiatan Lainnya,Lengkap,September,,,,Done,,,Lainnya (https://www.notion.so/Lainnya-17e2318e3b728083bf66c403999d1de6?pvs=21),2025
"Dashboard sektoral di wix ",,"September 10, 2025 7:54 AM",,"September 9, 2025",,Aplikasi Kantor,Lengkap,September,,,,Done,,,Sektoral (https://www.notion.so/Sektoral-16f2318e3b728043936ff61256aeb3c6?pvs=21),2025
Buat form pendaaftaran catur HSN 2025,,"September 11, 2025 7:58 AM",,"September 11, 2025",,Kegiatan Lainnya,Lengkap,September,,,,Done,,,Lainnya (https://www.notion.so/Lainnya-17e2318e3b728083bf66c403999d1de6?pvs=21),2025
"[Zoom Produksi] ",,"September 14, 2025 10:26 AM","Kasie IPD BPS Provinsi Kalimantan Timur is inviting you to a scheduled Zoom meeting.

Topic: Zoom produksi - Koordinasi Statistik Tanaman Pangan
Time: Sep 15, 2025 13:00 Singapore
Join Zoom Meeting
https://us06web.zoom.us/j/6400006401?pwd=vbbrDhb5Fq9jCKJhNG0xZagT5bvFg7.1&omn=82686103467

Meeting ID: 640 000 6401
Passcode: bps6400

Join instructions
https://us06web.zoom.us/meetings/82686103467/invitations?signature=Fs-vkca02eu7z-kBKJqsdu9Whtm2z1Cf5ytWMVoDBMM","September 15, 2025",,Mengelola Zoom,Lengkap,September,,,,Done,,,IPJKD (https://www.notion.so/IPJKD-16f2318e3b728057b0a0f5ff0e21731c?pvs=21),2025
"mengerjakan UDPE ",,"September 15, 2025 3:54 PM",,"September 15, 2025",,Kegiatan Lainnya,Lengkap,September,,,,Done,,,IPJKD (https://www.notion.so/IPJKD-16f2318e3b728057b0a0f5ff0e21731c?pvs=21),2025
"Rapat Sektoral ",,"September 26, 2025 2:14 PM",,"September 26, 2025",,,Lengkap,September,,,,Done,,,,2025
Membuat template statda 2025,,"September 30, 2025 5:34 PM",,"September 12, 2025 → September 16, 2025",,,Lengkap,September,,,,Done,,,,2025
Mengikuti workshop PPIKN,,"October 2, 2025 9:20 AM",,"September 28, 2025 → October 1, 2025",,,Lengkap,September,,,,Done,,,,2025
Menambahkan link fasih-sm di anomali PPIKN,,"October 2, 2025 2:22 PM",,"October 2, 2025",,Kegiatan Lainnya,Lengkap,Oktober,,,,Done,,,IPJKD (https://www.notion.so/IPJKD-16f2318e3b728057b0a0f5ff0e21731c?pvs=21),2025
Zoom IPDS - SBR Sensus Ekonomi 2026,,"October 2, 2025 3:10 PM",,"October 3, 2025",,Mengelola Zoom,Lengkap,Oktober,,,,Done,,,IPJKD (https://www.notion.so/IPJKD-16f2318e3b728057b0a0f5ff0e21731c?pvs=21),2025
Query Sakernas,,"October 7, 2025 11:56 AM",,"October 7, 2025 → October 8, 2025",,Sakernas,Lengkap,Oktober,,,,Done,,,IPJKD (https://www.notion.so/IPJKD-16f2318e3b728057b0a0f5ff0e21731c?pvs=21),2025
"Rapat evaluasi PPIKN ",,"October 7, 2025 12:01 PM",,"October 6, 2025",,Kegiatan Lainnya,Lengkap,Oktober,,,,Done,,,IPJKD (https://www.notion.so/IPJKD-16f2318e3b728057b0a0f5ff0e21731c?pvs=21),2025
"Rapat inovasi RB bersama BPS Komas ",,"October 7, 2025 2:11 PM",,"October 7, 2025",,Kegiatan Lainnya,Lengkap,Oktober,,,,Done,,,RB dan Inovasi (https://www.notion.so/RB-dan-Inovasi-16f2318e3b72804f80dcdfc48445c75b?pvs=21),2025
"Membuat landing page kick off meeting RB dan kelengkapannya ",,"October 8, 2025 8:51 AM",,"October 8, 2025",,Kegiatan Lainnya,Lengkap,Oktober,,,,Done,,,RB dan Inovasi (https://www.notion.so/RB-dan-Inovasi-16f2318e3b72804f80dcdfc48445c75b?pvs=21),2025
Rapat persiapan kick off meeting,,"October 8, 2025 8:55 AM",,"October 8, 2025",,Kegiatan Lainnya,Lengkap,Oktober,,,,Done,,,RB dan Inovasi (https://www.notion.so/RB-dan-Inovasi-16f2318e3b72804f80dcdfc48445c75b?pvs=21),2025
Membuat peta tematik dtsen,,"October 8, 2025 8:55 AM",,"October 8, 2025 → October 9, 2025",,,Lengkap,Oktober,,,,Done,,,Freelance (https://www.notion.so/Freelance-17e2318e3b728060a36bda8b2c6e6ebd?pvs=21),2025
Kerjakan bab 6-8 buku sektoral,,"October 8, 2025 8:56 AM",,"October 8, 2025 → October 10, 2025",,,Lengkap,Oktober,,,,Done,,,Freelance (https://www.notion.so/Freelance-17e2318e3b728060a36bda8b2c6e6ebd?pvs=21),2025
Zoom Distribusi - Monitoring dan Evaluasi Kegiatan Statistik Distribusi dan Harga,,"October 8, 2025 9:02 AM",,"October 10, 2025",,Mengelola Zoom,Lengkap,Oktober,,,,Done,,,IPJKD (https://www.notion.so/IPJKD-16f2318e3b728057b0a0f5ff0e21731c?pvs=21),2025
Zoom Alinea - Similarity Search pada Data Usaha duplikat untuk kompilasi data pendukung SE2026,,"October 8, 2025 9:02 AM",,"October 10, 2025",,Mengelola Zoom,Lengkap,Oktober,,,,Done,,,IPJKD (https://www.notion.so/IPJKD-16f2318e3b728057b0a0f5ff0e21731c?pvs=21),2025
Pelatihan OBS,,"October 10, 2025 10:16 AM",,"October 9, 2025",,Kegiatan Lainnya,Lengkap,Oktober,,,,Done,,,IPJKD (https://www.notion.so/IPJKD-16f2318e3b728057b0a0f5ff0e21731c?pvs=21),2025
Revalidasi susenas,,"October 10, 2025 10:19 AM",,"October 8, 2025 → October 10, 2025",,Susenas,Lengkap,Oktober,,,,Done,,,,2025
"[Zoom RB] Zoom 3 pilar ",,"October 20, 2025 8:47 AM",,"October 21, 2025",,Mengelola Zoom,Lengkap,Oktober,,,,Done,,,,2025
[Zoom Neraca] Pelatihan MBG,,"October 20, 2025 3:43 PM","Kasie IPD BPS Provinsi Kalimantan Timur is inviting you to a scheduled Zoom meeting.

Topic: Neraca - Pelatihan MBG
Time: Oct 22, 2025 08:00 Singapore
Join Zoom Meeting
https://us06web.zoom.us/j/6400006401?pwd=vbbrDhb5Fq9jCKJhNG0xZagT5bvFg7.1&omn=84311260579

Meeting ID: 640 000 6401
Passcode: bps6400

Join instructions
https://us06web.zoom.us/meetings/84311260579/invitations?signature=2cqJN0o7I8HBhZjSFnGfDGgI6tvG8fqKNmJEY6YQisI","October 22, 2025 → October 24, 2025",,Mengelola Zoom,Lengkap,Oktober,,,,Done,,,,2025
Operator pada sosialisasi sensus ekonomi 2026 bersama komisi X DPR RI,,"October 20, 2025 3:46 PM",,"October 16, 2025 → October 17, 2025",,,Lengkap,Oktober,,,,Done,,,,2025
Rapat persiapan Sosialisasi SE2026 dan mempersiapkan peralatan untuk acara tersebut,,"October 20, 2025 3:46 PM",,"October 15, 2025",,,Lengkap,Oktober,,,,Done,,,,2025
"Peta tapi bukan choropleth map ",,"October 21, 2025 7:45 AM",,"October 21, 2025",,,Lengkap,Oktober,,,,Done,,,Freelance (https://www.notion.so/Freelance-17e2318e3b728060a36bda8b2c6e6ebd?pvs=21),2025
"Membuat scraper dan merge excel otomatis dengan python ",,"October 21, 2025 7:45 AM",,"October 21, 2025 → October 22, 2025",,Kegiatan Lainnya,Lengkap,Oktober,,,,Done,,,Lainnya (https://www.notion.so/Lainnya-17e2318e3b728083bf66c403999d1de6?pvs=21),2025
Membuat buku tamu,,"October 21, 2025 7:46 AM",,"October 22, 2025 → October 24, 2025",,Aplikasi Kantor,Belum ada bukti dukung,Oktober,,,,Not started,,,IPJKD (https://www.notion.so/IPJKD-16f2318e3b728057b0a0f5ff0e21731c?pvs=21),2025
"Menerbitkan surat rekomendasi ",,"October 23, 2025 9:20 AM",,"October 23, 2025",,Metadata dan Romantik,Lengkap,Oktober,,,,Done,,,Sektoral (https://www.notion.so/Sektoral-16f2318e3b728043936ff61256aeb3c6?pvs=21),2025
Menerbitkan rekomendasi statistik,,"October 27, 2025 3:21 PM",,"October 27, 2025",,Metadata dan Romantik,Lengkap,Oktober,,,,Done,,,Sektoral (https://www.notion.so/Sektoral-16f2318e3b728043936ff61256aeb3c6?pvs=21),2025
Rapat dengan BPK,,"October 27, 2025 3:22 PM",,"October 27, 2025",,Kegiatan Lainnya,Lengkap,Oktober,,,,Done,,,Lainnya (https://www.notion.so/Lainnya-17e2318e3b728083bf66c403999d1de6?pvs=21),2025
"Scraping pelabuhan dan menggabungkan excel ",,"October 27, 2025 3:23 PM",,"October 27, 2025",,,Lengkap,Oktober,,,,Done,,,Lainnya (https://www.notion.so/Lainnya-17e2318e3b728083bf66c403999d1de6?pvs=21),2025
"Penawaran mitra MBG ",,"October 27, 2025 3:27 PM",,"October 27, 2025 → October 31, 2025",,Manajemen Mitra,Lengkap,Oktober,,,,Done,,,IPJKD (https://www.notion.so/IPJKD-16f2318e3b728057b0a0f5ff0e21731c?pvs=21),2025
Zoom RB - pilar tata laksana,,"October 29, 2025 9:28 AM","Kasie IPD BPS Provinsi Kalimantan Timur is inviting you to a scheduled Zoom meeting.

Topic: Zoom Pilar tata laksana 
Time:
Join Zoom Meeting
https://us06web.zoom.us/j/6400006401?pwd=vbbrDhb5Fq9jCKJhNG0xZagT5bvFg7.1&omn=84311260579

Meeting ID: 640 000 6401
Passcode: bps6400","October 29, 2025",,Mengelola Zoom,Lengkap,Oktober,,,,Done,,,IPJKD (https://www.notion.so/IPJKD-16f2318e3b728057b0a0f5ff0e21731c?pvs=21),2025
Briefing Quality Assurance Sakernas November 2025,,"October 29, 2025 9:29 AM","Kasie IPD BPS Provinsi Kalimantan Timur is inviting you to a scheduled Zoom meeting.

Topic:
Time:
Join Zoom Meeting
https://us06web.zoom.us/j/6400006401?pwd=vbbrDhb5Fq9jCKJhNG0xZagT5bvFg7.1&omn=84311260579

Meeting ID: 640 000 6401
Passcode: bps6400","October 31, 2025",,Mengelola Zoom,Lengkap,Oktober,,,,Done,,,,2025
Zoom Neraca - Rekon PDRB,,"November 3, 2025 11:13 AM","Kasie IPD BPS Provinsi Kalimantan Timur is inviting you to a scheduled Zoom meeting.

Topic: Neraca - Pelatihan MBG
Time: Oct 22, 2025 08:00 Singapore
Join Zoom Meeting
https://us06web.zoom.us/j/6400006401?pwd=vbbrDhb5Fq9jCKJhNG0xZagT5bvFg7.1&omn=84311260579

Meeting ID: 640 000 6401
Passcode: bps6400

Join instructions
https://us06web.zoom.us/meetings/84311260579/invitations?signature=2cqJN0o7I8HBhZjSFnGfDGgI6tvG8fqKNmJEY6YQisI","November 3, 2025 → November 7, 2025",,Mengelola Zoom,Lengkap,November,,,,Done,,,,2025
Zoom Neraca - Rekon PDRB,,"November 3, 2025 11:13 AM","Kasie IPD BPS Provinsi Kalimantan Timur is inviting you to a scheduled Zoom meeting.

Topic: Neraca - Pelatihan MBG
Time: Oct 22, 2025 08:00 Singapore
Join Zoom Meeting
https://us06web.zoom.us/j/6400006401?pwd=vbbrDhb5Fq9jCKJhNG0xZagT5bvFg7.1&omn=84311260579

Meeting ID: 640 000 6401
Passcode: bps6400

Join instructions
https://us06web.zoom.us/meetings/84311260579/invitations?signature=2cqJN0o7I8HBhZjSFnGfDGgI6tvG8fqKNmJEY6YQisI","November 10, 2025 → November 14, 2025",,Mengelola Zoom,Lengkap,November,,,,Done,,,,2025
Zoom IPDS - Briefing rekrutmen mitra rutin 2026,,"November 3, 2025 11:14 AM","6400_Kaltim is inviting you to a scheduled Zoom meeting.

Topic: Zoom IPDS - Briefing rekrutmen mitra rutin 2026
Time: Nov 4, 2025 14:00 Singapore
Join Zoom Meeting
https://us06web.zoom.us/j/6400006402?pwd=62bI4Lf99FhfIF7aqdgv1UcQlzXZBn.1&omn=87884196866

Meeting ID: 640 000 6402
Passcode: bps64

Join instructions
https://us06web.zoom.us/meetings/87884196866/invitations?signature=2bZ8TsIHg7JCD6NgK8QtWWIFhWAyPx5LmkMi0dBJvRE","November 4, 2025",,Mengelola Zoom,Lengkap,November,,,,Done,,,IPJKD (https://www.notion.so/IPJKD-16f2318e3b728057b0a0f5ff0e21731c?pvs=21),2025
"Penawaran mitra MBG ",,"November 4, 2025 3:11 AM",,"November 3, 2025 → November 3, 2025",,Manajemen Mitra,Lengkap,November,,,,Done,,,IPJKD (https://www.notion.so/IPJKD-16f2318e3b728057b0a0f5ff0e21731c?pvs=21),2025
Workshop PPIKN,,"November 4, 2025 3:12 AM",,"November 5, 2025 → November 8, 2025",,Kegiatan Lainnya,Lengkap,November,,,,Done,,,IPJKD (https://www.notion.so/IPJKD-16f2318e3b728057b0a0f5ff0e21731c?pvs=21),2025
Menambahkan link fasih-sm pada anomali ppikn,,"November 4, 2025 11:40 AM","[10:26 AM, 11/4/2025] Mbak Deppi BPS Kaltim: https://1drv.ms/x/c/20a6e10fc9d7e6da/ETc68c4ccERBhfxaRvri5LkBcKZlImgcLdEXW_Y8allALQ?e=AMTEPV

Anomali PPIKN datang lagi 😅
[10:26 AM, 11/4/2025] Mbak Deppi BPS Kaltim: aul, minta tolong tambahkan link fasihnya di anomali2  ppikn ini","November 4, 2025",,Kegiatan Lainnya,Lengkap,November,,,,Done,,,IPJKD (https://www.notion.so/IPJKD-16f2318e3b728057b0a0f5ff0e21731c?pvs=21),2025
"Penawaran mitra MBG (maks mitra menerima tanggal 14 Nov) ",,"November 4, 2025 12:56 PM",,"November 5, 2025 → November 14, 2025",,Manajemen Mitra,Lengkap,November,,,,Done,,,IPJKD (https://www.notion.so/IPJKD-16f2318e3b728057b0a0f5ff0e21731c?pvs=21),2025
"Zoom RB - Pilar Pengawasan ",,"November 10, 2025 3:03 PM","6400_Kaltim is inviting you to a scheduled Zoom meeting.

Join Zoom Meeting
https://us06web.zoom.us/j/6400006402?pwd=62bI4Lf99FhfIF7aqdgv1UcQlzXZBn.1&omn=82612628105

Meeting ID: 640 000 6402
Passcode: bps64","November 11, 2025",,Mengelola Zoom,Lengkap,November,,,,Done,,,,2025
Monitoring rekrutmen mitra 2026,,"November 12, 2025 8:04 AM",,"November 11, 2025 → December 5, 2025",,Manajemen Mitra,Belum ada bukti dukung,November,,,,In progress,,,IPJKD (https://www.notion.so/IPJKD-16f2318e3b728057b0a0f5ff0e21731c?pvs=21),2025
"Melakukan pengecekan metadata di indah ",,"November 12, 2025 8:04 AM",,"November 12, 2025 → November 14, 2025",,Metadata dan Romantik,Belum ada bukti dukung,November,,,,In progress,,,IPJKD (https://www.notion.so/IPJKD-16f2318e3b728057b0a0f5ff0e21731c?pvs=21),2025
Membuat laporan perjalanan dinas ke Bontang dan Balikpapan,,"November 12, 2025 8:09 AM",,"November 12, 2025",,Kegiatan Lainnya,Lengkap,November,,,,Done,,,IPJKD (https://www.notion.so/IPJKD-16f2318e3b728057b0a0f5ff0e21731c?pvs=21),2025
"Migrasi dashboard monitoring RB ",,"November 14, 2025 3:41 PM",,"November 14, 2025",,Aplikasi Kantor,Lengkap,November,,,,Done,,,IPJKD (https://www.notion.so/IPJKD-16f2318e3b728057b0a0f5ff0e21731c?pvs=21),2025
"Operator pada acara Rakor MBG se Kalimantan Timur ",,"November 19, 2025 8:02 AM",,"November 17, 2025 → November 18, 2025",,Kegiatan Lainnya,Lengkap,November,,,,Done,,,IPJKD (https://www.notion.so/IPJKD-16f2318e3b728057b0a0f5ff0e21731c?pvs=21),2025
Menyiapkan materi untuk esensial 4,,"November 19, 2025 8:03 AM",,"November 19, 2025",,Kegiatan Lainnya,Lengkap,November,,,,Done,,,Sektoral (https://www.notion.so/Sektoral-16f2318e3b728043936ff61256aeb3c6?pvs=21),2025
Mengoprek website monitoring RB,,"November 19, 2025 8:04 AM",,"November 19, 2025 → November 21, 2025",,,Belum ada bukti dukung,November,,,,In progress,,,RB dan Inovasi (https://www.notion.so/RB-dan-Inovasi-16f2318e3b72804f80dcdfc48445c75b?pvs=21),2025
"Briefing rencana pelatihan sektoral minggu depan dengan pusdiklat ",,"November 19, 2025 3:36 PM",,"November 19, 2025",,Mengikuti rapat/sosialisasi/pelatihan,Lengkap,November,,,,Done,,,Sektoral (https://www.notion.so/Sektoral-16f2318e3b728043936ff61256aeb3c6?pvs=21),2025
FGD Statistik Sektoral,,"November 19, 2025 3:37 PM",,"November 25, 2025",,Mengikuti rapat/sosialisasi/pelatihan,Belum ada bukti dukung,November,,,,Not started,,,Sektoral (https://www.notion.so/Sektoral-16f2318e3b728043936ff61256aeb3c6?pvs=21),2025
"Mengikuti kegiatan esensial 4 ",,"November 19, 2025 3:37 PM",,"November 20, 2025",,Mengikuti rapat/sosialisasi/pelatihan,Lengkap,November,,,,Done,,,Sektoral (https://www.notion.so/Sektoral-16f2318e3b728043936ff61256aeb3c6?pvs=21),2025
Membuat link anomali ppikn,,"November 21, 2025 8:37 AM",,"November 21, 2025",,Kegiatan Lainnya,Belum ada bukti dukung,November,,,,In progress,,,IPJKD (https://www.notion.so/IPJKD-16f2318e3b728057b0a0f5ff0e21731c?pvs=21),2025
"Perjalanan dinas mendampingi BPK ke Balikpapan ",,"November 21, 2025 8:39 AM",,"October 30, 2025",,Kegiatan Lainnya,Lengkap,Oktober,,,,Done,,,IPJKD (https://www.notion.so/IPJKD-16f2318e3b728057b0a0f5ff0e21731c?pvs=21),2025
Perjalanan dinas mendampingi BPK ke Bontang,,"November 21, 2025 8:39 AM",,"October 28, 2025",,Kegiatan Lainnya,Lengkap,Oktober,,,,Done,,,IPJKD (https://www.notion.so/IPJKD-16f2318e3b728057b0a0f5ff0e21731c?pvs=21),2025